no	section	text	kana	hits	occurrence	start	end	clock_start	in_section	score	coverage	asr_kana	recheck	usable
1	上週複習	モバイルバッテリー	もばいるばってりー	0							（音軌裡找不到）			
2	上週複習	充電器	じゅうでんき	2	1	0:16:19.368	0:16:19.768	18:55:57	Y	100	完整	じゅうでんき	充電器を貸して	Y
2	上週複習	充電器	じゅうでんき	2	2	0:16:22.112	0:16:23.878	18:56:00	Y	100	完整	じゅうでんき	スマホの充填機をハッ	Y
3	上週複習	充電アダプタ	じゅうでんあだぷた	0							（音軌裡找不到）			
4	上週複習	充電ケーブル	じゅうでんけーぶる	1	1	0:16:07.104	0:16:08.244	18:55:45	Y	100	完整	じゅうでんけーぶる	重点ケーブル	Y
5	上週複習	プラグ	ぷらぐ	0							（音軌裡找不到）			
6	上週複習	スマホの充電器を貸していただけますか？	すまほのじゅうでんきをかしていただけますか	1	1	0:16:19.368	0:16:21.368	18:55:57	Y	89	缺頭	じゅうでんきをかしていただけますか		N
7	上週複習	充電器でもいい？爆速で充電できるよ。	じゅうでんきでもいいばくそくでじゅうでんできるよ	0							（音軌裡找不到）			
8	上週複習	色が移る	いろがうつる	1	1	0:17:04.792	0:17:06.696	18:56:42	Y	100	完整	いろがうつる	色が映る	Y
9	上週複習	洗濯機からTシャツを出したら、服に色が移ってしまっていた。	せんたくきからてぃーしゃつをだしたらふくにいろがうつってしまっていた	1	1	0:17:52.352	0:17:57.798	18:57:30	Y	89	缺頭	きからてぃーしゃつをだしたらいろがうつってしまっていた		N
10	上週複習	色移り	いろうつり	3	1	0:17:12.408	0:17:13.098	18:56:50	Y	100	完整	いろうつり	色移り	Y
10	上週複習	色移り	いろうつり	3	2	0:17:28.880	0:17:29.360	18:57:06	Y	100	完整	いろうつり	じゃあ色移り	Y
10	上週複習	色移り	いろうつり	3	3	0:18:18.464	0:18:19.264	18:57:56	Y	100	完整	いろうつり	色移りしてしまう	Y
11	上週複習	洗濯機からTシャツを出したら、白いシャツに色移りしてしまっていた。	せんたくきからてぃーしゃつをだしたらしろいしゃつにいろうつりしてしまっていた	0							（音軌裡找不到）			
12	上週複習	〜しか〜ない	しかない	2	1	0:18:43.496	0:18:44.086	18:58:21	Y	100	完整	しかない	一個しかない	Y
12	上週複習	〜しか〜ない	しかない	2	2	0:19:24.040	0:19:24.840	18:59:02	Y	100	完整	しかない	一個しかない	Y
13	上週複習	卵が1個しかない。	たまごがいっこしかない	1	1	0:18:41.976	0:18:44.086	18:58:20	Y	100	完整	たまごがいっこしかない	卵が一個しかない	Y
14	上週複習	卵が1つしかありません。	たまごがひとつしかありません	0							（音軌裡找不到）			
15	上週複習	卵が1個しか残っていない。	たまごがいっこしかのこっていない	0							（音軌裡找不到）			
16	上週複習	〜も〜ない	もない	0							（音軌裡找不到）			
17	上週複習	卵が1個もない。	たまごがいっこもない	0							（音軌裡找不到）			
18	上週複習	卵が1個も残っていない。	たまごがいっこものこっていない	0							（音軌裡找不到）			
19	上週複習	階段を登る	かいだんをのぼる	0							（音軌裡找不到）			
20	上週複習	山に登る	やまにのぼる	1	1	0:20:11.832	0:20:12.998	18:59:49	Y	100	完整	やまにのぼる	山	N
21	上週複習	山道を上る	やまみちをのぼる	1	1	0:21:10.312	0:21:11.272	19:00:48	Y	100	完整	やまみちをのぼる	山道を登るかい	Y
22	せっかく行ったのにお店が休みだった	定休日	ていきゅうび	7	1	0:24:34.944	0:24:35.744	19:04:12	Y	100	完整	ていきゅうび	店が定休日だった	Y
22	せっかく行ったのにお店が休みだった	定休日	ていきゅうび	7	2	0:26:31.536	0:26:32.236	19:06:09	Y	100	完整	ていきゅうび	定休日	Y
22	せっかく行ったのにお店が休みだった	定休日	ていきゅうび	7	3	0:29:24.120	0:29:25.478	19:09:02	Y	100	完整	ていきゅうび	今日は定休日だった	Y
22	せっかく行ったのにお店が休みだった	定休日	ていきゅうび	7	4	0:32:09.176	0:32:10.096	19:11:47	Y	100	完整	ていきゅうび	僕は定休日	Y
22	せっかく行ったのにお店が休みだった	定休日	ていきゅうび	7	5	0:33:56.240	0:33:56.720	19:13:34	Y	100	完整	ていきゅうび	定休日だった	Y
22	せっかく行ったのにお店が休みだった	定休日	ていきゅうび	7	6	0:33:57.280	0:33:57.920	19:13:35	Y	100	完整	ていきゅうび	定休日	Y
22	せっかく行ったのにお店が休みだった	定休日	ていきゅうび	7	7	0:34:30.392	0:34:31.392	19:14:08	Y	100	完整	ていきゅうび	今日は定休日だった	Y
23	せっかく行ったのにお店が休みだった	営業時間	えいぎょうじかん	4	1	0:29:27.776	0:29:28.336	19:09:05	Y	100	完整	えいぎょうじかん	営業時間を拡大	Y
23	せっかく行ったのにお店が休みだった	営業時間	えいぎょうじかん	4	2	0:30:00.440	0:30:01.720	19:09:38	Y	100	完整	えいぎょうじかん	満員もって営業時間を確認	N
23	せっかく行ったのにお店が休みだった	営業時間	えいぎょうじかん	4	3	0:34:32.800	0:34:33.840	19:14:10	Y	100	完整	えいぎょうじかん	事前に営業時間を確認	Y
23	せっかく行ったのにお店が休みだった	営業時間	えいぎょうじかん	4	4	0:40:43.704	0:40:44.464	19:20:21	Y	100	完整	えいぎょうじかん	営業時間を確認	Y
24	せっかく行ったのにお店が休みだった	閉まる	しまる	2	1	0:25:00.856	0:25:01.216	19:04:38	Y	100	完整	しまる	ちゃん閉まるってことすぐ	N
24	せっかく行ったのにお店が休みだった	閉まる	しまる	2	2	0:32:17.064	0:32:17.454	19:11:55	Y	100	完整	しまる	閉まる	Y
25	せっかく行ったのにお店が休みだった	閉まります	しまります	0							（音軌裡找不到）			
26	せっかく行ったのにお店が休みだった	開く	あく	1	1	0:26:41.184	0:26:41.784	19:06:19	Y	100	完整	あく	おめえの仕事	N
27	せっかく行ったのにお店が休みだった	開きます	あきます	0							（音軌裡找不到）			
28	せっかく行ったのにお店が休みだった	がっかりする	がっかりする	1	1	0:28:35.072	0:28:35.952	19:08:13	Y	100	完整	がっかりする	がっかりする	Y
29	せっかく行ったのにお店が休みだった	事前に	じぜんに	4	1	0:29:27.096	0:29:27.776	19:09:05	Y	100	完整	じぜんに	事前に営業時間	N
29	せっかく行ったのにお店が休みだった	事前に	じぜんに	4	2	0:29:54.608	0:29:55.328	19:09:32	Y	100	完整	じぜんに	事前に	Y
29	せっかく行ったのにお店が休みだった	事前に	じぜんに	4	3	0:38:56.504	0:38:57.554	19:18:34	Y	100	完整	じぜんに	そうです	N
29	せっかく行ったのにお店が休みだった	事前に	じぜんに	4	4	0:38:58.584	0:38:59.344	19:18:36	Y	100	完整	じぜんに	自然に影響	N
30	せっかく行ったのにお店が休みだった	せっかく行ったのにお店が休みだった。	せっかくいったのにおみせがやすみだった	0							（音軌裡找不到）			
31	せっかく行ったのにお店が休みだった	楽しみにしていたお店	たのしみにしていたおみせ	4	1	0:28:45.752	0:28:47.432	19:08:23	Y	100	完整	たのしみにしていたおみせ	楽しみにしていたお店に行きました	Y
31	せっかく行ったのにお店が休みだった	楽しみにしていたお店	たのしみにしていたおみせ	4	2	0:34:17.048	0:34:18.448	19:13:55	Y	100	完整	たのしみにしていたおみせ	楽しみにしていたお店に行きました	Y
31	せっかく行ったのにお店が休みだった	楽しみにしていたお店	たのしみにしていたおみせ	4	3	0:35:12.728	0:35:14.688	19:14:50	Y	100	完整	たのしみにしていたおみせ	はい	N
31	せっかく行ったのにお店が休みだった	楽しみにしていたお店	たのしみにしていたおみせ	4	4	0:36:17.912	0:36:20.664	19:15:55	Y	100	完整	たのしみにしていたおみせ	楽しみにしていたお店に	Y
32	せっかく行ったのにお店が休みだった	事前に営業時間を確認しておけばよかった。	じぜんにえいぎょうじかんをかくにんしておけばよかった	1	1	0:29:27.096	0:29:30.296	19:09:05	Y	100	完整	じぜんにえいぎょうじかんをかくにんしておけばよかった	事前に営業時間を確認しておけばよかった	Y
33	せっかく行ったのにお店が休みだった	事前に買っておけばよかった。	じぜんにかっておけばよかった	1	1	0:41:40.896	0:41:44.436	19:21:18	Y	100	完整	じぜんにかっておけばよかった	事前に買っておけばよかった	Y
34	せっかく行ったのにお店が休みだった	また別の日に来るしかない。	またべつのひにくるしかない	0							（音軌裡找不到）			
35	せっかく行ったのにお店が休みだった	家族が帰ってくるまで待つしかない。	かぞくがかえってくるまでまつしかない	0							（音軌裡找不到）			
36	せっかく行ったのにお店が休みだった	閉まっていた	しまっていた	1	1	0:34:06.840	0:34:07.720	19:13:44	Y	100	完整	しまっていた	閉まっていたんです	Y
37	せっかく行ったのにお店が休みだった	店が閉まっていた。	みせがしまっていた	3	1	0:32:37.416	0:32:38.336	19:12:15	Y	89	完整	みせがしまってい	じゃあ店が閉まっていますの	N
37	せっかく行ったのにお店が休みだった	店が閉まっていた。	みせがしまっていた	3	2	0:32:56.880	0:32:58.080	19:12:34	Y	89	完整	みせがしまってい	あ店が閉まっている家来	N
37	せっかく行ったのにお店が休みだった	店が閉まっていた。	みせがしまっていた	3	3	0:34:43.864	0:34:45.784	19:14:21	Y	94	完整	みせがしまってた	でも今日店が閉まってたんです	Y
38	せっかく行ったのにお店が休みだった	店が閉まってたんです。	みせがしまってたんです	1	1	0:34:43.864	0:34:46.342	19:14:21	Y	100	完整	みせがしまってたんです	でも今日店が閉まってたんです	Y
39	せっかく行ったのにお店が休みだった	閉まっています	しまっています	1	1	0:32:37.776	0:32:38.656	19:12:15	Y	100	完整	しまっています	店が閉まっていますの	Y
40	せっかく行ったのにお店が休みだった	店が閉まっています。	みせがしまっています	1	1	0:32:37.416	0:32:38.656	19:12:15	Y	100	完整	みせがしまっています	じゃあ店が閉まっていますの	Y
41	せっかく行ったのにお店が休みだった	開いていなかった	あいていなかった	1	1	0:34:53.512	0:34:54.672	19:14:31	Y	100	完整	あいていなかった	開いていなかったあとクイ	Y
42	せっかく行ったのにお店が休みだった	店が開いていなかった。	みせがあいていなかった	0							（音軌裡找不到）			
43	せっかく行ったのにお店が休みだった	今日は開いていませんでした。	きょうはあいていませんでした	0							（音軌裡找不到）			
44	せっかく行ったのにお店が休みだった	定休日だった	ていきゅうびだった	5	1	0:33:47.296	0:33:49.416	19:13:25	Y	100	完整	ていきゅうびだった	日系州のニュエチアの定休日だった	N
44	せっかく行ったのにお店が休みだった	定休日だった	ていきゅうびだった	5	2	0:33:54.416	0:33:55.494	19:13:32	Y	100	完整	ていきゅうびだった	定休日だった	Y
44	せっかく行ったのにお店が休みだった	定休日だった	ていきゅうびだった	5	3	0:33:56.240	0:33:57.280	19:13:34	Y	100	完整	ていきゅうびだった	定休日	N
44	せっかく行ったのにお店が休みだった	定休日だった	ていきゅうびだった	5	4	0:33:57.280	0:33:59.750	19:13:35	Y	89	完整	ていきゅうびたった	定休日休みだった	N
44	せっかく行ったのにお店が休みだった	定休日だった	ていきゅうびだった	5	5	0:34:30.392	0:34:31.782	19:14:08	Y	100	完整	ていきゅうびだった	今日は定休日だった	Y
45	せっかく行ったのにお店が休みだった	今日は定休日でした。	きょうはていきゅうびでした	0							（音軌裡找不到）			
46	せっかく行ったのにお店が休みだった	楽しみにしていたお店に行きましたが、今日は休みでした。	たのしみにしていたおみせにいきましたがきょうはやすみでした	1	1	0:34:17.048	0:34:21.298	19:13:55	Y	93	完整	たのしみにしていたおみせにいきましたがやすみでした	楽しみにしていたお店に行きましたが今日は休みでした	Y
47	せっかく行ったのにお店が休みだった	とてもがっかりしました。	とてもがっかりしました	2	1	0:28:29.752	0:28:31.642	19:08:07	Y	100	完整	とてもがっかりしました	とてもがっかりしました	Y
47	せっかく行ったのにお店が休みだった	とてもがっかりしました。	とてもがっかりしました	2	2	0:28:32.472	0:28:34.312	19:08:10	Y	100	完整	とてもがっかりしました	とてもがっかりしました	Y
48	せっかく行ったのにお店が休みだった	ずっと楽しみにして、わざわざここまで来たのに、今日は定休日だった。	ずっとたのしみにしてわざわざここまできたのにきょうはていきゅうびだった	0							（音軌裡找不到）			
49	せっかく行ったのにお店が休みだった	楽しみにしていたお店に行きましたが、今日は開いていませんでした。	たのしみにしていたおみせにいきましたがきょうはあいていませんでした	0							（音軌裡找不到）			
50	せっかく行ったのにお店が休みだった	楽しみにしていたのに。本当にがっかりしたわ。	たのしみにしていたのにほんとうにがっかりしたわ	1	1	0:35:27.416	0:35:33.552	19:15:05	Y	95	缺尾	たのしみにしていたのにほんとうにがっかりし		N
51	せっかく行ったのにお店が休みだった	貼り紙	はりがみ	1	1	0:40:03.400	0:40:03.920	19:19:41	Y	100	完整	はりがみ	普通なんか貼り紙とか	N
52	せっかく行ったのにお店が休みだった	誠に勝手ながら、〜させていただきます。	まことにかってながらさせていただきます	0							（音軌裡找不到）			
53	せっかく行ったのにお店が休みだった	事前に確認しておけばよかった。	じぜんにかくにんしておけばよかった	3	1	0:29:28.156	0:29:30.296	19:09:06	Y	88	完整	じかんをかくにんしておけばよかった	まあ	N
53	せっかく行ったのにお店が休みだった	事前に確認しておけばよかった。	じぜんにかくにんしておけばよかった	3	2	0:34:33.640	0:34:35.680	19:14:11	Y	88	完整	じかんをかくにんしておけばよかった	営業時間を確認しておけばよかった	N
53	せっかく行ったのにお店が休みだった	事前に確認しておけばよかった。	じぜんにかくにんしておけばよかった	3	3	0:41:06.720	0:41:10.480	19:20:44	Y	100	完整	じぜんにかくにんしておけばよかった	事前に確認しておけばよかったのに	Y
54	スマホを落としてしまった	画面	がめん	10	1	0:42:30.280	0:42:30.600	19:22:08	Y	100	完整	がめん	画面	Y
54	スマホを落としてしまった	画面	がめん	10	2	0:42:35.480	0:42:36.530	19:22:13	Y	100	完整	がめん	スマホの画面	Y
54	スマホを落としてしまった	画面	がめん	10	3	0:42:46.536	0:42:46.976	19:22:24	Y	100	完整	がめん	画面青	Y
54	スマホを落としてしまった	画面	がめん	10	4	0:43:17.856	0:43:18.336	19:22:55	Y	100	完整	がめん	画面を	Y
54	スマホを落としてしまった	画面	がめん	10	5	0:43:59.976	0:44:00.576	19:23:38	Y	100	完整	がめん	仮面か	N
54	スマホを落としてしまった	画面	がめん	10	6	0:44:18.400	0:44:18.640	19:23:56	Y	100	完整	がめん	画面	Y
54	スマホを落としてしまった	画面	がめん	10	7	0:44:55.872	0:44:56.472	19:24:33	Y	100	完整	がめん	画面も画面	Y
54	スマホを落としてしまった	画面	がめん	10	8	0:47:48.736	0:47:49.336	19:27:26	Y	100	完整	がめん	高いの	N
54	スマホを落としてしまった	画面	がめん	10	9	0:48:13.880	0:48:14.360	19:27:51	Y	100	完整	がめん	画面が日比	Y
54	スマホを落としてしまった	画面	がめん	10	10	0:50:21.224	0:50:21.624	19:29:59	Y	100	完整	がめん	画面が	Y
55	スマホを落としてしまった	ひび	ひび	12	1	0:46:19.208	0:46:19.448	19:25:57	Y	100	完整	ひび	ひび割れて	Y
55	スマホを落としてしまった	ひび	ひび	12	2	0:48:11.576	0:48:12.336	19:27:49	Y	100	完整	ひび	画面がひび割れて	Y
55	スマホを落としてしまった	ひび	ひび	12	3	0:48:14.600	0:48:14.840	19:27:52	Y	100	完整	ひび	画面がひび割れ	Y
55	スマホを落としてしまった	ひび	ひび	12	4	0:49:00.872	0:49:01.232	19:28:38	Y	100	完整	ひび	じゃあひび割れる	Y
55	スマホを落としてしまった	ひび	ひび	12	5	0:49:03.720	0:49:04.140	19:28:41	Y	100	完整	ひび	あ	N
55	スマホを落としてしまった	ひび	ひび	12	6	0:49:17.944	0:49:18.484	19:28:55	Y	100	完整	ひび	はい	N
55	スマホを落としてしまった	ひび	ひび	12	7	0:49:19.968	0:49:20.368	19:28:58	Y	100	完整	ひび	ひびが	Y
55	スマホを落としてしまった	ひび	ひび	12	8	0:52:50.776	0:52:51.496	19:32:28	Y	100	完整	ひび	ひび割れて	Y
55	スマホを落としてしまった	ひび	ひび	12	9	0:56:49.208	0:56:49.488	19:36:27	Y	100	完整	ひび	壁にひびが	Y
55	スマホを落としてしまった	ひび	ひび	12	10	0:57:03.520	0:57:04.120	19:36:41	Y	100	完整	ひび	壁にひびが	Y
55	スマホを落としてしまった	ひび	ひび	12	11	0:57:46.560	0:57:46.840	19:37:24	Y	100	完整	ひび	はい	N
55	スマホを落としてしまった	ひび	ひび	12	12	0:57:54.720	0:57:55.040	19:37:32	Y	100	完整	ひび	日々が	Y
56	スマホを落としてしまった	割れる	われる	4	1	0:43:02.528	0:43:03.598	19:22:40	Y	100	完整	われる	割れる	Y
56	スマホを落としてしまった	割れる	われる	4	2	0:43:39.360	0:43:39.980	19:23:17	Y	100	完整	われる	じゃあそう割れる	Y
56	スマホを落としてしまった	割れる	われる	4	3	0:49:01.232	0:49:01.822	19:28:39	Y	100	完整	われる	ひび割れる	Y
56	スマホを落としてしまった	割れる	われる	4	4	0:49:43.904	0:49:44.824	19:29:21	Y	100	完整	われる	ひび割れる生活	Y
57	スマホを落としてしまった	割れます	われます	0							（音軌裡找不到）			
58	スマホを落としてしまった	割る	わる	1	1	0:43:36.320	0:43:36.820	19:23:14	Y	100	完整	わる	卵を割る	Y
59	スマホを落としてしまった	割ります	わります	0							（音軌裡找不到）			
60	スマホを落としてしまった	ひび割れる	ひびわれる	1	1	0:49:00.872	0:49:01.822	19:28:38	Y	100	完整	ひびわれる	じゃあひび割れるか	Y
61	スマホを落としてしまった	ひび割れます	ひびわれます	0							（音軌裡找不到）			
62	スマホを落としてしまった	滑る	すべる	0							（音軌裡找不到）			
63	スマホを落としてしまった	滑ります	すべります	5	1	0:54:35.624	0:54:36.384	19:34:13	Y	100	完整	すべります	滑りますから	Y
63	スマホを落としてしまった	滑ります	すべります	5	2	0:54:36.864	0:54:37.824	19:34:14	Y	100	完整	すべります	滑りますので	Y
63	スマホを落としてしまった	滑ります	すべります	5	3	0:55:34.232	0:55:34.992	19:35:12	Y	100	完整	すべります	滑りますので	Y
63	スマホを落としてしまった	滑ります	すべります	5	4	0:55:35.392	0:55:36.272	19:35:13	Y	100	完整	すべります	滑りますので	Y
63	スマホを落としてしまった	滑ります	すべります	5	5	0:55:45.784	0:55:46.864	19:35:23	Y	100	完整	すべります	ドアへ滑りますので	Y
64	スマホを落としてしまった	落とす	おとす	2	1	0:44:40.024	0:44:40.784	19:24:18	Y	100	完整	おとす	落とすいかと	Y
64	スマホを落としてしまった	落とす	おとす	2	2	0:44:50.168	0:44:50.648	19:24:28	Y	100	完整	おとす	落とす	Y
65	スマホを落としてしまった	落とします	おとします	0							（音軌裡找不到）			
66	スマホを落としてしまった	買い替える	かいかえる	2	1	0:46:41.000	0:46:41.798	19:26:19	Y	100	完整	かいかえる	買いかえる	Y
66	スマホを落としてしまった	買い替える	かいかえる	2	2	0:47:02.600	0:47:03.590	19:26:40	Y	100	完整	かいかえる	そう買い替える	Y
67	スマホを落としてしまった	買い替えます	かいかえます	0							（音軌裡找不到）			
68	スマホを落としてしまった	卵を割る	たまごをわる	1	1	0:43:33.440	0:43:36.820	19:23:11	Y	100	間隔異常	たまごをわる		N
69	スマホを落としてしまった	卵が割れる	たまごがわれる	0							（音軌裡找不到）			
70	スマホを落としてしまった	手が滑って	てがすべって	0							（音軌裡找不到）			
71	スマホを落としてしまった	ショックです	しょっくです	3	1	0:45:08.112	0:45:08.932	19:24:46	Y	100	完整	しょっくです	多分	N
71	スマホを落としてしまった	ショックです	しょっくです	3	2	0:47:46.624	0:47:47.174	19:27:24	Y	100	完整	しょっくです	ショックです	Y
71	スマホを落としてしまった	ショックです	しょっくです	3	3	0:52:06.584	0:52:07.782	19:31:44	Y	100	完整	しょっくです	とてもショックです	Y
72	スマホを落としてしまった	買い替えないといけないかもしれない。	かいかえないといけないかもしれない	3	1	0:47:08.032	0:47:12.732	19:26:46	Y	100	完整	かいかえないといけないかもしれない	買い替えないといけないかもしれない	Y
72	スマホを落としてしまった	買い替えないといけないかもしれない。	かいかえないといけないかもしれない	3	2	0:48:16.880	0:48:19.312	19:27:54	Y	94	完整	いかえないといけないかもしれない	買い替えないといけないかもしれない	Y
72	スマホを落としてしまった	買い替えないといけないかもしれない。	かいかえないといけないかもしれない	3	3	0:48:43.880	0:48:46.320	19:28:21	Y	94	完整	かいかえないといえないかもしれない	生えないといけないかもしれない	N
73	スマホを落としてしまった	操作もしにくい。	そうさもしにくい	2	1	0:46:23.128	0:46:25.128	19:26:01	Y	100	完整	そうさもしにくい	核操作もしにくい	Y
73	スマホを落としてしまった	操作もしにくい。	そうさもしにくい	2	2	0:48:15.840	0:48:17.080	19:27:53	Y	100	完整	そうさもしにくい	かいき	N
74	スマホを落としてしまった	スマホを落としてしまいました。	すまほをおとしてしまいました	3	1	0:42:15.288	0:42:17.968	19:21:53	Y	91	完整	すまほをおとしてしまった	スマホを落としてしまった	N
74	スマホを落としてしまった	スマホを落としてしまいました。	すまほをおとしてしまいました	3	2	0:47:40.792	0:47:42.802	19:27:18	Y	100	完整	すまほをおとしてしまいました	スマホを落としてしまいました	Y
74	スマホを落としてしまった	スマホを落としてしまいました。	すまほをおとしてしまいました	3	3	0:52:00.184	0:52:03.270	19:31:38	Y	100	完整	すまほをおとしてしまいました	スマホを落としてしまいました	Y
75	スマホを落としてしまった	画面が割れてしまいました。	がめんがわれてしまいました	2	1	0:44:55.872	0:45:00.472	19:24:33	Y	100	完整	がめんがわれてしまいました	画面が割れてしまいました	Y
75	スマホを落としてしまった	画面が割れてしまいました。	がめんがわれてしまいました	2	2	0:50:21.224	0:50:24.294	19:29:59	Y	100	完整	がめんがわれてしまいました	画面が折れてしまいました	Y
76	スマホを落としてしまった	とてもショックです。	とてもしょっくです	2	1	0:47:46.264	0:47:47.174	19:27:24	Y	100	完整	とてもしょっくです	とてもショックです	Y
76	スマホを落としてしまった	とてもショックです。	とてもしょっくです	2	2	0:52:06.024	0:52:07.782	19:31:44	Y	100	完整	とてもしょっくです	とてもショックです	Y
77	スマホを落としてしまった	ほんの少し手が滑って、スマホを落としてしまった。	ほんのすこしてがすべってすまほをおとしてしまった	1	1	0:48:07.000	0:48:10.978	19:27:45	Y	86	完整	ほんのすこしすまほをおとしてしまった	ほんの少し手が滑ってスマホを落としてしまった	N
78	スマホを落としてしまった	画面がひび割れてしまって、操作もしにくい。	がめんがひびわれてしまってそうさもしにくい	1	1	0:48:13.880	0:48:17.080	19:27:51	Y	100	完整	がめんがひびわれてしまってそうさもしにくい	画面がひび割れてしまって操作もしにくい	Y
79	スマホを落としてしまった	足元	あしもと	7	1	0:53:57.656	0:53:58.096	19:33:35	Y	100	完整	あしもと	はい	N
79	スマホを落としてしまった	足元	あしもと	7	2	0:53:59.304	0:53:59.544	19:33:37	Y	100	完整	あしもと	足元気をつけて下さい	N
79	スマホを落としてしまった	足元	あしもと	7	3	0:54:38.776	0:54:39.456	19:34:16	Y	100	完整	あしもと	足元にポン	Y
79	スマホを落としてしまった	足元	あしもと	7	4	0:55:05.016	0:55:06.446	19:34:43	Y	100	完整	あしもと	足元を	Y
79	スマホを落としてしまった	足元	あしもと	7	5	0:55:09.560	0:55:10.840	19:34:47	Y	100	完整	あしもと	大間足元さ	Y
79	スマホを落としてしまった	足元	あしもと	7	6	0:55:47.344	0:55:47.784	19:35:25	Y	100	完整	あしもと	はい	N
79	スマホを落としてしまった	足元	あしもと	7	7	0:55:56.888	0:55:57.288	19:35:34	Y	100	完整	あしもと	足元にご注目	N
80	スマホを落としてしまった	滑りますので、足元に気をつけてください。	すべりますのであしもとにきをつけてください	1	1	0:55:45.784	0:55:52.198	19:35:23	Y	100	完整	すべりますのであしもとにきをつけてください	滑りますので足元に気をつけてください	Y
81	スマホを落としてしまった	滑りますので、足元にご注意ください。	すべりますのであしもとにごちゅういください	1	1	0:55:55.928	0:55:58.368	19:35:33	Y	90	完整	すべりやすいのであしもとにごちゅういくださ	滑りやすいので足元にご注意ください	Y
82	スマホを落としてしまった	ひびが入る	ひびがはいる	0							（音軌裡找不到）			
83	スマホを落としてしまった	壁にひびが入っていますか？	かべにひびがはいっていますか	3	1	0:56:48.728	0:56:51.068	19:36:26	Y	89	完整	かべにひびがいっっています	壁にひびが入っていますか	N
83	スマホを落としてしまった	壁にひびが入っていますか？	かべにひびがはいっていますか	3	2	0:57:45.880	0:57:48.582	19:37:23	Y	93	完整	かべにひびがいっっていますか	壁にひびが入っていますか	Y
83	スマホを落としてしまった	壁にひびが入っていますか？	かべにひびがはいっていますか	3	3	0:57:53.880	0:57:56.806	19:37:31	Y	89	完整	かべにひびがはえていますか	壁にヒビが生えていますか	N
84	スマホを落としてしまった	昨日地震だったんですよね。	きのうじしんだったんですよね	1	1	0:57:00.984	0:57:03.044	19:36:39	Y	100	完整	きのうじしんだったんですよね	実はねきのう地震だったんですよね	Y
85	ネットで靴を買ったら…	ネット	ねっと	23	1	0:59:20.816	0:59:21.226	19:38:58	Y	100	完整	ねっと	ネット	Y
85	ネットで靴を買ったら…	ネット	ねっと	23	2	0:59:24.320	0:59:25.315	19:39:02	Y	100	完整	ねっと	スムソニアに熱湯	N
85	ネットで靴を買ったら…	ネット	ねっと	23	3	0:59:26.456	0:59:27.296	19:39:04	Y	100	完整	ねっと	えネットは	Y
85	ネットで靴を買ったら…	ネット	ねっと	23	4	0:59:29.216	0:59:30.496	19:39:07	Y	100	完整	ねっと	うん	N
85	ネットで靴を買ったら…	ネット	ねっと	23	5	0:59:45.928	0:59:46.248	19:39:23	Y	100	完整	ねっと	ネットで書い	Y
85	ネットで靴を買ったら…	ネット	ねっと	23	6	0:59:48.768	0:59:49.048	19:39:26	Y	100	完整	ねっと	あネット	Y
85	ネットで靴を買ったら…	ネット	ねっと	23	7	0:59:49.912	0:59:50.492	19:39:27	Y	100	完整	ねっと	ネットなお	Y
85	ネットで靴を買ったら…	ネット	ねっと	23	8	1:00:04.232	1:00:04.832	19:39:42	Y	100	完整	ねっと	ネットです	Y
85	ネットで靴を買ったら…	ネット	ねっと	23	9	1:00:07.024	1:00:07.558	19:39:45	Y	100	完整	ねっと	ちょっとね	N
85	ネットで靴を買ったら…	ネット	ねっと	23	10	1:00:53.680	1:00:54.000	19:40:31	Y	100	完整	ねっと	そのネットで買った	Y
85	ネットで靴を買ったら…	ネット	ねっと	23	11	1:00:57.088	1:00:57.488	19:40:35	Y	100	完整	ねっと	熱湯じゃなくて	N
85	ネットで靴を買ったら…	ネット	ねっと	23	12	1:01:06.424	1:01:07.184	19:40:44	Y	100	完整	ねっと	田中王じゃネットで買った	N
85	ネットで靴を買ったら…	ネット	ねっと	23	13	1:01:16.128	1:01:16.806	19:40:54	Y	100	完整	ねっと	ネット	Y
85	ネットで靴を買ったら…	ネット	ねっと	23	14	1:02:52.672	1:02:53.862	19:42:30	Y	100	完整	ねっと	チャンスはネット	Y
85	ネットで靴を買ったら…	ネット	ねっと	23	15	1:03:03.216	1:03:03.826	19:42:41	Y	100	完整	ねっと	ネット	Y
85	ネットで靴を買ったら…	ネット	ねっと	23	16	1:04:36.560	1:04:37.050	19:44:14	Y	100	完整	ねっと	ピルシュ	N
85	ネットで靴を買ったら…	ネット	ねっと	23	17	1:10:39.288	1:10:39.688	19:50:17	Y	100	完整	ねっと	先日ネットで	Y
85	ネットで靴を買ったら…	ネット	ねっと	23	18	1:11:02.720	1:11:03.080	19:50:40	Y	100	完整	ねっと	ネットで買った	Y
85	ネットで靴を買ったら…	ネット	ねっと	23	19	1:12:04.600	1:12:04.920	19:51:42	Y	100	完整	ねっと	取って結構	N
85	ネットで靴を買ったら…	ネット	ねっと	23	20	1:13:37.880	1:13:38.280	19:53:15	Y	100	完整	ねっと	じゃあネットD	Y
86	ネットで靴を買ったら…	サイズ	さいず	11	1	1:03:22.224	1:03:22.514	19:43:00	Y	100	完整	さいず	サイズ	Y
86	ネットで靴を買ったら…	サイズ	さいず	11	2	1:05:21.200	1:05:21.480	19:44:59	Y	100	完整	さいず	サイズを間違え	Y
86	ネットで靴を買ったら…	サイズ	さいず	11	3	1:06:22.600	1:06:23.280	19:46:00	Y	100	完整	さいず	サイズは	Y
86	ネットで靴を買ったら…	サイズ	さいず	11	4	1:06:35.824	1:06:36.264	19:46:13	Y	100	完整	さいず	はい	N
86	ネットで靴を買ったら…	サイズ	さいず	11	5	1:11:47.640	1:11:48.560	19:51:25	Y	100	完整	さいず	ハグちゃん	N
86	ネットで靴を買ったら…	サイズ	さいず	11	6	1:12:36.024	1:12:36.304	19:52:14	Y	100	完整	さいず	餌	N
86	ネットで靴を買ったら…	サイズ	さいず	11	7	1:19:01.760	1:19:02.960	19:58:39	Y	100	完整	さいず	サイズを	Y
86	ネットで靴を買ったら…	サイズ	さいず	11	8	1:32:10.480	1:32:11.078	20:11:48	Y	100	完整	さいず	サイズです	Y
86	ネットで靴を買ったら…	サイズ	さいず	11	9	1:32:20.248	1:32:20.808	20:11:58	Y	100	完整	さいず	あっサイズ	Y
86	ネットで靴を買ったら…	サイズ	さいず	11	10	1:46:43.200	1:46:43.520	20:26:21	Y	100	完整	さいず	サイズカープ	Y
86	ネットで靴を買ったら…	サイズ	さいず	11	11	1:46:44.240	1:46:44.720	20:26:22	Y	100	完整	さいず	サイズおっ	Y
87	ネットで靴を買ったら…	スニーカー	すにーかー	3	1	1:07:09.160	1:07:09.640	19:46:47	Y	100	完整	すにーかー	スニーカー	Y
87	ネットで靴を買ったら…	スニーカー	すにーかー	3	2	1:35:19.784	1:35:20.774	20:14:57	Y	100	完整	すにーかー	スニーカー	Y
87	ネットで靴を買ったら…	スニーカー	すにーかー	3	3	1:35:31.488	1:35:32.048	20:15:09	Y	100	完整	すにーかー	スニーカーがようやく	Y
88	ネットで靴を買ったら…	返品	へんぴん	6	1	1:40:04.120	1:40:04.760	20:19:42	Y	100	完整	へんぴん	あっ返品するに	Y
88	ネットで靴を買ったら…	返品	へんぴん	6	2	1:43:22.080	1:43:23.160	20:23:00	Y	100	完整	へんぴん	やっぱ欽ちゃん返品するね	N
88	ネットで靴を買ったら…	返品	へんぴん	6	3	1:45:13.256	1:45:13.656	20:24:51	Y	100	完整	へんぴん	返品するにしても	N
88	ネットで靴を買ったら…	返品	へんぴん	6	4	1:48:53.000	1:48:53.760	20:28:31	Y	100	完整	へんぴん	返品数	Y
88	ネットで靴を買ったら…	返品	へんぴん	6	5	1:50:24.248	1:50:24.888	20:30:02	Y	100	完整	へんぴん	返品するに	Y
88	ネットで靴を買ったら…	返品	へんぴん	6	6	1:50:33.496	1:50:34.576	20:30:11	Y	100	完整	へんぴん	生なら返品するんです	Y
89	ネットで靴を買ったら…	交換	こうかん	23	1	1:08:10.168	1:08:10.648	19:47:48	Y	100	完整	こうかん	私は抗がん	N
89	ネットで靴を買ったら…	交換	こうかん	23	2	1:08:15.992	1:08:16.592	19:47:54	Y	100	完整	こうかん	うん	N
89	ネットで靴を買ったら…	交換	こうかん	23	3	1:09:28.032	1:09:28.392	19:49:06	Y	100	完整	こうかん	交換できるか	Y
89	ネットで靴を買ったら…	交換	こうかん	23	4	1:09:41.232	1:09:41.712	19:49:19	Y	100	完整	こうかん	交換できるか	Y
89	ネットで靴を買ったら…	交換	こうかん	23	5	1:09:51.160	1:09:51.640	19:49:29	Y	100	完整	こうかん	交換できる	Y
89	ネットで靴を買ったら…	交換	こうかん	23	6	1:10:22.856	1:10:23.336	19:50:00	Y	100	完整	こうかん	こうかんできるか	Y
89	ネットで靴を買ったら…	交換	こうかん	23	7	1:10:51.936	1:10:52.296	19:50:29	Y	100	完整	こうかん	して交換できるか	Y
89	ネットで靴を買ったら…	交換	こうかん	23	8	1:11:53.248	1:11:53.648	19:51:31	Y	100	完整	こうかん	交換できるか	Y
89	ネットで靴を買ったら…	交換	こうかん	23	9	1:13:31.536	1:13:31.936	19:53:09	Y	100	完整	こうかん	交換できるか	Y
89	ネットで靴を買ったら…	交換	こうかん	23	10	1:14:14.256	1:14:14.736	19:53:52	Y	100	完整	こうかん	交換できる	Y
89	ネットで靴を買ったら…	交換	こうかん	23	11	1:15:10.688	1:15:11.088	19:54:48	Y	100	完整	こうかん	交換できるか	Y
89	ネットで靴を買ったら…	交換	こうかん	23	12	1:18:24.240	1:18:24.600	19:58:02	Y	100	完整	こうかん	交換できる	Y
89	ネットで靴を買ったら…	交換	こうかん	23	13	1:19:15.360	1:19:16.240	19:58:53	Y	100	完整	こうかん	交換できる	Y
89	ネットで靴を買ったら…	交換	こうかん	23	14	1:26:08.504	1:26:09.344	20:05:46	Y	100	完整	こうかん	交換できる	Y
89	ネットで靴を買ったら…	交換	こうかん	23	15	1:26:33.664	1:26:34.544	20:06:11	Y	100	完整	こうかん	効果ができる	N
89	ネットで靴を買ったら…	交換	こうかん	23	16	1:39:14.968	1:39:15.768	20:18:53	Y	100	完整	こうかん	しても交換するに	Y
89	ネットで靴を買ったら…	交換	こうかん	23	17	1:40:05.840	1:40:06.200	20:19:43	Y	100	完整	こうかん	交換するにしても	N
89	ネットで靴を買ったら…	交換	こうかん	23	18	1:45:14.336	1:45:14.736	20:24:52	Y	100	完整	こうかん	交換するに	Y
89	ネットで靴を買ったら…	交換	こうかん	23	19	1:45:37.416	1:45:37.816	20:25:15	Y	100	完整	こうかん	交換できる	Y
89	ネットで靴を買ったら…	交換	こうかん	23	20	1:47:35.416	1:47:35.976	20:27:13	Y	100	完整	こうかん	交換していて	Y
90	ネットで靴を買ったら…	ルイーサ	るいーさ	1	1	1:02:39.640	1:02:40.080	19:42:17	Y	100	完整	るいーさ	ずっとルミさんだと思ってた	N
91	ネットで靴を買ったら…	届く	とどく	0							（音軌裡找不到）			
92	ネットで靴を買ったら…	届きます	とどきます	0							（音軌裡找不到）			
93	ネットで靴を買ったら…	届ける	とどける	1	1	0:59:01.536	0:59:02.786	19:38:39	Y	100	完整	とどける	届ける	Y
94	ネットで靴を買ったら…	届けます	とどけます	0							（音軌裡找不到）			
95	ネットで靴を買ったら…	気づく	きづく	3	1	1:03:55.336	1:03:55.942	19:43:33	Y	100	完整	きづく	いづく	N
95	ネットで靴を買ったら…	気づく	きづく	3	2	1:04:30.184	1:04:30.634	19:44:08	Y	100	完整	きづく	気づく	Y
95	ネットで靴を買ったら…	気づく	きづく	3	3	1:04:50.120	1:04:50.520	19:44:28	Y	100	完整	きづく	日本気づくつぐつを	Y
96	ネットで靴を買ったら…	気づきます	きづきます	0							（音軌裡找不到）			
97	ネットで靴を買ったら…	問い合わせる	といあわせる	3	1	1:38:04.944	1:38:05.914	20:17:42	Y	100	完整	といあわせる	問い合わせる	Y
97	ネットで靴を買ったら…	問い合わせる	といあわせる	3	2	1:38:12.072	1:38:12.902	20:17:50	Y	100	完整	といあわせる	問い合わせる	Y
97	ネットで靴を買ったら…	問い合わせる	といあわせる	3	3	1:40:15.176	1:40:16.216	20:19:53	Y	100	完整	といあわせる	問い合わせる	Y
98	ネットで靴を買ったら…	問い合わせます	といあわせます	0							（音軌裡找不到）			
99	ネットで靴を買ったら…	ようやく	ようやく	6	1	1:40:43.368	1:40:44.048	20:20:21	Y	100	完整	ようやく	がようやくとどいた	Y
99	ネットで靴を買ったら…	ようやく	ようやく	6	2	1:40:54.856	1:40:55.476	20:20:32	Y	100	完整	ようやく	ようやく	Y
99	ネットで靴を買ったら…	ようやく	ようやく	6	3	1:41:32.248	1:41:32.888	20:21:10	Y	100	完整	ようやく	が	N
99	ネットで靴を買ったら…	ようやく	ようやく	6	4	1:41:47.000	1:41:47.600	20:21:25	Y	100	完整	ようやく	ようやく届いた	Y
99	ネットで靴を買ったら…	ようやく	ようやく	6	5	1:41:48.800	1:41:49.440	20:21:26	Y	100	完整	ようやく	ようやく届いた	Y
99	ネットで靴を買ったら…	ようやく	ようやく	6	6	1:45:51.320	1:45:52.160	20:25:29	Y	100	完整	ようやく	ようやく届いた	Y
100	ネットで靴を買ったら…	さすがに	さすがに	8	1	1:42:22.872	1:42:23.272	20:22:00	Y	100	完整	さすがに	さすがにこれでは	Y
100	ネットで靴を買ったら…	さすがに	さすがに	8	2	1:42:50.456	1:42:50.936	20:22:28	Y	100	完整	さすがに	さすがにこれでは	Y
100	ネットで靴を買ったら…	さすがに	さすがに	8	3	1:42:58.888	1:42:59.608	20:22:36	Y	100	完整	さすがに	さすがにこれでは	Y
100	ネットで靴を買ったら…	さすがに	さすがに	8	4	1:45:00.824	1:45:01.944	20:24:38	Y	100	完整	さすがに	さすがに全部そう	Y
100	ネットで靴を買ったら…	さすがに	さすがに	8	5	1:45:10.552	1:45:11.112	20:24:48	Y	100	完整	さすがに	さすがに大きいっす	N
100	ネットで靴を買ったら…	さすがに	さすがに	8	6	1:47:17.688	1:47:18.288	20:26:55	Y	100	完整	さすがに	さすがに	Y
100	ネットで靴を買ったら…	さすがに	さすがに	8	7	1:48:05.752	1:48:06.392	20:27:43	Y	100	完整	さすがに	さすがにこれでは	Y
100	ネットで靴を買ったら…	さすがに	さすがに	8	8	1:50:20.800	1:50:21.640	20:29:58	Y	100	完整	さすがに	さすがにこれで	Y
101	ネットで靴を買ったら…	とりあえず	とりあえず	14	1	1:37:22.840	1:37:23.520	20:17:00	Y	100	完整	とりあえず	とりあえず進む	Y
101	ネットで靴を買ったら…	とりあえず	とりあえず	14	2	1:37:30.528	1:37:32.208	20:17:08	Y	100	完整	とりあえず	とりあえず	Y
101	ネットで靴を買ったら…	とりあえず	とりあえず	14	3	1:38:26.200	1:38:27.520	20:18:04	Y	100	完整	とりあえず	とりあえずとりあえずと書いて	Y
101	ネットで靴を買ったら…	とりあえず	とりあえず	14	4	1:38:43.992	1:38:44.934	20:18:22	Y	100	完整	とりあえず	あっとりあえず	Y
101	ネットで靴を買ったら…	とりあえず	とりあえず	14	5	1:40:18.000	1:40:18.800	20:19:56	Y	100	完整	とりあえず	とりあえずお店に着く	Y
101	ネットで靴を買ったら…	とりあえず	とりあえず	14	6	1:40:25.312	1:40:26.932	20:20:03	Y	100	完整	とりあえず	とりあえず	Y
101	ネットで靴を買ったら…	とりあえず	とりあえず	14	7	1:40:30.456	1:40:31.416	20:20:08	Y	100	完整	とりあえず	じゃあとりあえず	Y
101	ネットで靴を買ったら…	とりあえず	とりあえず	14	8	1:43:29.592	1:43:30.222	20:23:07	Y	100	完整	とりあえず	とりあえずお店	Y
101	ネットで靴を買ったら…	とりあえず	とりあえず	14	9	1:44:35.576	1:44:36.536	20:24:13	Y	100	完整	とりあえず	それならとりあえず取り合おう	Y
101	ネットで靴を買ったら…	とりあえず	とりあえず	14	10	1:45:15.776	1:45:16.576	20:24:53	Y	100	完整	とりあえず	とりあえずお店	Y
101	ネットで靴を買ったら…	とりあえず	とりあえず	14	11	1:45:28.232	1:45:28.832	20:25:06	Y	100	完整	とりあえず	とりあえず	Y
101	ネットで靴を買ったら…	とりあえず	とりあえず	14	12	1:47:36.776	1:47:37.616	20:27:14	Y	100	完整	とりあえず	とりあえず	Y
101	ネットで靴を買ったら…	とりあえず	とりあえず	14	13	1:49:01.016	1:49:01.876	20:28:39	Y	100	完整	とりあえず	とりあえず	Y
101	ネットで靴を買ったら…	とりあえず	とりあえず	14	14	1:50:28.824	1:50:29.664	20:30:06	Y	100	完整	とりあえず	とりあえずお店に	Y
102	ネットで靴を買ったら…	〜ことに気づく	ことにきづく	0							（音軌裡找不到）			
103	ネットで靴を買ったら…	サイズを間違えて注文したことに気づいた。	さいずをまちがえてちゅうもんしたことにきづいた	1	1	1:05:21.200	1:05:24.200	19:44:59	Y	91	完整	さいずをまちがえてちゅうもんしたのにきづいた	サイズを間違えて注文したのに気付いたカブクイ	Y
104	ネットで靴を買ったら…	サイズを間違えて注文したのに気づいた。	さいずをまちがえてちゅうもんしたのにきづいた	1	1	1:05:21.200	1:05:24.200	19:44:59	Y	100	完整	さいずをまちがえてちゅうもんしたのにきづいた	サイズを間違えて注文したのに気付いたカブクイ	Y
105	ネットで靴を買ったら…	〜と気づく	ときづく	0							（音軌裡找不到）			
106	ネットで靴を買ったら…	注文したと気づいた。	ちゅうもんしたときづいた	1	1	1:07:19.712	1:07:21.392	19:46:57	Y	92	完整	ちゅうもんしたあときづい	注文したあと気付いた	Y
107	ネットで靴を買ったら…	ハルキさんが隣に立っていると気づいた。	はるきさんがとなりにたっているときづいた	0							（音軌裡找不到）			
108	ネットで靴を買ったら…	履いてみたら、サイズが大きすぎました。	はいてみたらさいずがおおきすぎました	1	1	1:32:00.504	1:32:07.750	20:11:38	Y	88	完整	はいてみたらえがおおきすぎました	ほどいてはいてみたらサイズが大きすぎました	N
109	ネットで靴を買ったら…	履いてみたところ、サイズが大きすぎました。	はいてみたところさいずがおおきすぎました	0							（音軌裡找不到）			
110	ネットで靴を買ったら…	大きすぎる	おおきすぎる	9	1	1:06:36.424	1:06:37.234	19:46:14	Y	100	完整	おおきすぎる	サイズが大きすぎる	Y
110	ネットで靴を買ったら…	大きすぎる	おおきすぎる	9	2	1:09:17.080	1:09:18.600	19:48:55	Y	100	完整	おおきすぎる	大将大きすぎるファイター	Y
110	ネットで靴を買ったら…	大きすぎる	おおきすぎる	9	3	1:19:26.872	1:19:27.632	19:59:04	Y	100	完整	おおきすぎる	大きすぎるティーナウズ	Y
110	ネットで靴を買ったら…	大きすぎる	おおきすぎる	9	4	1:19:31.224	1:19:32.944	19:59:09	Y	100	完整	おおきすぎる	いい感じ大きすぎる気持ち	Y
110	ネットで靴を買ったら…	大きすぎる	おおきすぎる	9	5	1:45:02.264	1:45:03.064	20:24:40	Y	100	完整	おおきすぎる	そう大きすぎるんですね	Y
110	ネットで靴を買ったら…	大きすぎる	おおきすぎる	9	6	1:45:04.248	1:45:05.728	20:24:42	Y	100	完整	おおきすぎる	大きすぎ大きすぎるんです	Y
110	ネットで靴を買ったら…	大きすぎる	おおきすぎる	9	7	1:45:11.112	1:45:11.912	20:24:49	Y	100	完整	おおきすぎる	さすがに大きすぎるんです	Y
110	ネットで靴を買ったら…	大きすぎる	おおきすぎる	9	8	1:45:23.392	1:45:24.152	20:25:01	Y	100	完整	おおきすぎる	大きすぎるんです	Y
110	ネットで靴を買ったら…	大きすぎる	おおきすぎる	9	9	1:48:47.864	1:48:48.704	20:28:25	Y	100	完整	おおきすぎる	大きすぎるんです	Y
111	ネットで靴を買ったら…	小さすぎる	ちいさすぎる	0							（音軌裡找不到）			
112	ネットで靴を買ったら…	お店に連絡して、交換できるか聞いてみようと思います。	おみせにれんらくしてこうかんできるかきいてみようとおもいます	6	1	1:09:26.872	1:09:32.012	19:49:04	Y	100	完整	おみせにれんらくしてこうかんできるかきいてみようとおもいます	お店に連絡して交換できるか聞いてみようと思います	Y
112	ネットで靴を買ったら…	お店に連絡して、交換できるか聞いてみようと思います。	おみせにれんらくしてこうかんできるかきいてみようとおもいます	6	2	1:14:12.536	1:14:19.334	19:53:50	Y	91	完整	おみせにれんらくしてこうかんできるかいておもいます	お店に連絡して交換できるか聞いてみようと思います	Y
112	ネットで靴を買ったら…	お店に連絡して、交換できるか聞いてみようと思います。	おみせにれんらくしてこうかんできるかきいてみようとおもいます	6	3	1:15:57.016	1:16:02.884	19:55:35	Y	90	完整	おみせにれんらくしてできるかきいてみようとおもっています	お店に連絡して交換できるか聞いてみようと思っています	Y
112	ネットで靴を買ったら…	お店に連絡して、交換できるか聞いてみようと思います。	おみせにれんらくしてこうかんできるかきいてみようとおもいます	6	4	1:19:11.768	1:19:19.590	19:58:49	Y	85	完整	おみせにれんらくしてこうかんできるあとおもいます	お店に連絡して交換できるか聞いてみようと思います	N
112	ネットで靴を買ったら…	お店に連絡して、交換できるか聞いてみようと思います。	おみせにれんらくしてこうかんできるかきいてみようとおもいます	6	5	1:29:57.656	1:30:09.830	20:09:35	Y	86	完整	みせにれんらくしてできるのかきいてみようおもいいます	相談できるか聞いてみようと思っています	N
112	ネットで靴を買ったら…	お店に連絡して、交換できるか聞いてみようと思います。	おみせにれんらくしてこうかんできるかきいてみようとおもいます	6	6	1:45:35.736	1:45:40.716	20:25:13	Y	100	完整	おみせにれんらくしてこうかんできるかきいてみようとおもいます	お店に連絡して交換できるか聞いてみようと思います	Y
113	ネットで靴を買ったら…	履けないこともないけど	はけないこともないけど	8	1	1:36:26.232	1:36:28.472	20:16:04	Y	100	完整	はけないこともないけど	履読はけないこともないけど履けない	Y
113	ネットで靴を買ったら…	履けないこともないけど	はけないこともないけど	8	2	1:36:28.472	1:36:30.212	20:16:06	Y	100	完整	はけないこともないけど	はけないこともないけどさ	Y
113	ネットで靴を買ったら…	履けないこともないけど	はけないこともないけど	8	3	1:44:55.632	1:44:58.672	20:24:33	Y	100	完整	はけないこともないけど	はけないこともないけど	Y
113	ネットで靴を買ったら…	履けないこともないけど	はけないこともないけど	8	4	1:47:09.312	1:47:11.494	20:26:47	Y	91	完整	けないこともないけど	書けないこともないけど	Y
113	ネットで靴を買ったら…	履けないこともないけど	はけないこともないけど	8	5	1:47:58.320	1:48:00.520	20:27:36	Y	100	完整	はけないこともないけど	履けないこともないけど似合っちゃうんです	N
113	ネットで靴を買ったら…	履けないこともないけど	はけないこともないけど	8	6	1:48:04.512	1:48:05.752	20:27:42	Y	91	完整	けないこともないけど	履けないこともないけどさすが	Y
113	ネットで靴を買ったら…	履けないこともないけど	はけないこともないけど	8	7	1:49:28.528	1:49:30.778	20:29:06	Y	100	完整	はけないこともないけど	履けないこともないけど	Y
113	ネットで靴を買ったら…	履けないこともないけど	はけないこともないけど	8	8	1:50:01.592	1:50:03.472	20:29:39	Y	100	完整	はけないこともないけど	はけないこともないけど	Y
114	ネットで靴を買ったら…	さすがにこれでは歩きにくい。	さすがにこれではあるきにくい	5	1	1:42:22.872	1:42:24.782	20:22:00	Y	100	完整	さすがにこれではあるきにくい	さすがにこれでは歩きにくい	Y
114	ネットで靴を買ったら…	さすがにこれでは歩きにくい。	さすがにこれではあるきにくい	5	2	1:42:50.456	1:42:52.216	20:22:28	Y	100	完整	さすがにこれではあるきにくい	さすがにこれでは歩きにくいおむちゃ	Y
114	ネットで靴を買ったら…	さすがにこれでは歩きにくい。	さすがにこれではあるきにくい	5	3	1:42:58.888	1:43:01.138	20:22:36	Y	100	完整	さすがにこれではあるきにくい	さすがにこれでは歩きにくい	Y
114	ネットで靴を買ったら…	さすがにこれでは歩きにくい。	さすがにこれではあるきにくい	5	4	1:48:05.752	1:48:07.802	20:27:43	Y	100	完整	さすがにこれではあるきにくい	さすがにこれでは歩きにくい	Y
114	ネットで靴を買ったら…	さすがにこれでは歩きにくい。	さすがにこれではあるきにくい	5	5	1:50:20.800	1:50:23.790	20:29:58	Y	100	完整	さすがにこれではあるきにくい	さすがにこれでは歩きにくい	Y
115	ネットで靴を買ったら…	〜にしても	にしても	23	1	1:36:57.496	1:36:58.266	20:16:35	Y	100	完整	にしても	にしても	Y
115	ネットで靴を買ったら…	〜にしても	にしても	23	2	1:37:00.288	1:37:01.138	20:16:38	Y	100	完整	にしても	にしても	Y
115	ネットで靴を買ったら…	〜にしても	にしても	23	3	1:37:17.192	1:37:17.722	20:16:55	Y	100	完整	にしても	そもそもにしても	Y
115	ネットで靴を買ったら…	〜にしても	にしても	23	4	1:39:16.128	1:39:16.968	20:18:54	Y	100	完整	にしても	交換するにしても	N
115	ネットで靴を買ったら…	〜にしても	にしても	23	5	1:39:40.368	1:39:41.088	20:19:18	Y	100	完整	にしても	にしてもにしても	Y
115	ネットで靴を買ったら…	〜にしても	にしても	23	6	1:39:41.088	1:39:41.748	20:19:19	Y	100	完整	にしても	にしてもにしても	Y
115	ネットで靴を買ったら…	〜にしても	にしても	23	7	1:40:05.080	1:40:05.840	20:19:43	Y	100	完整	にしても	するにしても交換	Y
115	ネットで靴を買ったら…	〜にしても	にしても	23	8	1:40:06.520	1:40:07.280	20:19:44	Y	100	完整	にしても	それにしてもライパン	Y
115	ネットで靴を買ったら…	〜にしても	にしても	23	9	1:43:23.480	1:43:24.646	20:23:01	Y	100	完整	にしても	はい	N
115	ネットで靴を買ったら…	〜にしても	にしても	23	10	1:43:26.712	1:43:27.402	20:23:04	Y	100	完整	にしても	にしても公開	Y
115	ネットで靴を買ったら…	〜にしても	にしても	23	11	1:43:27.992	1:43:29.052	20:23:06	Y	100	完整	にしても	交換するにしても	N
115	ネットで靴を買ったら…	〜にしても	にしても	23	12	1:45:13.816	1:45:14.336	20:24:51	Y	100	完整	にしても	にしても	Y
115	ネットで靴を買ったら…	〜にしても	にしても	23	13	1:45:15.056	1:45:15.776	20:24:53	Y	100	完整	にしても	とりあえず	N
115	ネットで靴を買ったら…	〜にしても	にしても	23	14	1:45:27.352	1:45:28.232	20:25:05	Y	100	完整	にしても	交換するにしても取り	N
115	ネットで靴を買ったら…	〜にしても	にしても	23	15	1:48:12.008	1:48:12.848	20:27:50	Y	100	完整	にしても	するにしても交換	Y
115	ネットで靴を買ったら…	〜にしても	にしても	23	16	1:48:13.568	1:48:14.568	20:27:51	Y	100	完整	にしても	交換するにしてもゆくい	N
115	ネットで靴を買ったら…	〜にしても	にしても	23	17	1:48:24.808	1:48:25.648	20:28:02	Y	100	完整	にしても	するにしても	Y
115	ネットで靴を買ったら…	〜にしても	にしても	23	18	1:48:26.408	1:48:27.318	20:28:04	Y	100	完整	にしても	交換するにしても	N
115	ネットで靴を買ったら…	〜にしても	にしても	23	19	1:48:54.280	1:48:55.620	20:28:32	Y	100	完整	にしても	にしても	Y
115	ネットで靴を買ったら…	〜にしても	にしても	23	20	1:50:25.248	1:50:26.128	20:30:03	Y	100	完整	にしても	するにしても	Y
116	ネットで靴を買ったら…	返品するにしても交換するにしても、とりあえずお店に問い合わせてみるしかないな。	へんぴんするにしてもこうかんするにしてもとりあえずおみせにといあわせてみるしかないな	2	1	1:45:13.256	1:45:19.136	20:24:51	Y	100	完整	へんぴんするにしてもこうかんするにしてもとりあえずおみせにといあわせてみるしかないな	返品するにしても交換するにしてもとりあえずお店に問い合わせてみるしかないな親	Y
116	ネットで靴を買ったら…	返品するにしても交換するにしても、とりあえずお店に問い合わせてみるしかないな。	へんぴんするにしてもこうかんするにしてもとりあえずおみせにといあわせてみるしかないな	2	2	1:50:24.248	1:50:32.674	20:30:02	Y	100	完整	へんぴんするにしてもこうかんするにしてもとりあえずおみせにといあわせてみるしかないな	返品するにしても交換するにしてもとりあえずお店に問い合わせてみるしかないな	Y
117	ネットで靴を買ったら…	〜ても	ても	25	1	1:09:12.640	1:09:12.920	19:48:50	Y	100	完整	ても	はいつも嫌	N
117	ネットで靴を買ったら…	〜ても	ても	25	2	1:36:57.856	1:36:58.266	20:16:35	Y	100	完整	ても	にしても	Y
117	ネットで靴を買ったら…	〜ても	ても	25	3	1:37:00.688	1:37:01.138	20:16:38	Y	100	完整	ても	にしても	Y
117	ネットで靴を買ったら…	〜ても	ても	25	4	1:37:17.472	1:37:17.722	20:16:55	Y	100	完整	ても	ロボット	N
117	ネットで靴を買ったら…	〜ても	ても	25	5	1:39:16.448	1:39:16.968	20:18:54	Y	100	完整	ても	しても	Y
117	ネットで靴を買ったら…	〜ても	ても	25	6	1:39:40.648	1:39:41.088	20:19:18	Y	100	完整	ても	にしてもにしても	Y
117	ネットで靴を買ったら…	〜ても	ても	25	7	1:39:41.328	1:39:41.748	20:19:19	Y	100	完整	ても	にしても	Y
117	ネットで靴を買ったら…	〜ても	ても	25	8	1:40:05.360	1:40:05.840	20:19:43	Y	100	完整	ても	するにしても	Y
117	ネットで靴を買ったら…	〜ても	ても	25	9	1:40:06.800	1:40:07.280	20:19:44	Y	100	完整	ても	それにしてもライパン	Y
117	ネットで靴を買ったら…	〜ても	ても	25	10	1:43:23.760	1:43:24.646	20:23:01	Y	100	完整	ても	はい	N
117	ネットで靴を買ったら…	〜ても	ても	25	11	1:43:27.032	1:43:27.402	20:23:05	Y	100	完整	ても	しても	Y
117	ネットで靴を買ったら…	〜ても	ても	25	12	1:43:28.712	1:43:29.052	20:23:06	Y	100	完整	ても	しても	Y
117	ネットで靴を買ったら…	〜ても	ても	25	13	1:45:14.016	1:45:14.336	20:24:52	Y	100	完整	ても	交換	N
117	ネットで靴を買ったら…	〜ても	ても	25	14	1:45:15.336	1:45:15.776	20:24:53	Y	100	完整	ても	にしてもとりあえず	Y
117	ネットで靴を買ったら…	〜ても	ても	25	15	1:45:27.952	1:45:28.232	20:25:05	Y	100	完整	ても	にしても	Y
117	ネットで靴を買ったら…	〜ても	ても	25	16	1:47:36.336	1:47:36.776	20:27:14	Y	100	完整	ても	とりあえず	N
117	ネットで靴を買ったら…	〜ても	ても	25	17	1:48:12.328	1:48:12.848	20:27:50	Y	100	完整	ても	するにしても交換	Y
117	ネットで靴を買ったら…	〜ても	ても	25	18	1:48:13.888	1:48:14.568	20:27:51	Y	100	完整	ても	するにしてもゆくい	Y
117	ネットで靴を買ったら…	〜ても	ても	25	19	1:48:25.088	1:48:25.648	20:28:03	Y	100	完整	ても	しても交換	Y
117	ネットで靴を買ったら…	〜ても	ても	25	20	1:48:26.768	1:48:27.318	20:28:04	Y	100	完整	ても	はい	N
118	ネットで靴を買ったら…	返品しても交換しても	へんぴんしてもこうかんしても	0							（音軌裡找不到）			
119	ネットで靴を買ったら…	ネットで靴を買いました。	ねっとでくつをかいました	3	1	0:59:45.928	0:59:47.328	19:39:23	Y	86	完整	ねっとでかいました	ネットで買いました	N
119	ネットで靴を買ったら…	ネットで靴を買いました。	ねっとでくつをかいました	3	2	1:15:31.096	1:15:33.546	19:55:09	Y	100	完整	ねっとでくつをかいました	ネットで靴を買いました	Y
119	ネットで靴を買ったら…	ネットで靴を買いました。	ねっとでくつをかいました	3	3	1:31:43.808	1:31:47.858	20:11:21	Y	100	完整	ねっとでくつをかいました	ネットで靴を買いました	Y
120	ネットで靴を買ったら…	届いてから履いてみたら、サイズが大きすぎました。	とどいてからはいてみたらさいずがおおきすぎました	2	1	1:10:13.592	1:10:16.826	19:49:51	Y	86	完整	どいてからはいてみたらおおきすぎました	届いてからはいてみたらサイズが大きすぎました	N
120	ネットで靴を買ったら…	届いてから履いてみたら、サイズが大きすぎました。	とどいてからはいてみたらさいずがおおきすぎました	2	2	1:25:52.056	1:25:57.692	20:05:30	Y	93	完整	とどいてからはいてみたらがおおきすぎました	届いてから履いてみたらサイズが大きすぎました	Y
121	ネットで靴を買ったら…	サイズを間違えて注文してしまったようです。	さいずをまちがえてちゅうもんしてしまったようです	2	1	1:11:47.640	1:11:50.662	19:51:25	Y	91	完整	さいずをまちがえてちゅうもんしたようです	はるちゃんサイズを間違えて注文したようです	Y
121	ネットで靴を買ったら…	サイズを間違えて注文してしまったようです。	さいずをまちがえてちゅうもんしてしまったようです	2	2	1:25:58.704	1:26:04.208	20:05:36	Y	92	完整	いすをまちがえてちゅうもんしてしまったようです	セースを間違えて注文してしまったようです	N
122	ネットで靴を買ったら…	先日ネットで靴を買ったんですけど、履いてみたところサイズが大きすぎました。	せんじつねっとでくつをかったんですけどはいてみたところさいずがおおきすぎました	1	1	1:10:38.168	1:10:45.318	19:50:16	Y	87	完整	せんじつねっとでくつをかったんですけどところおおきすぎました	はい先日ネットで靴を買ったんですけど履いてみたところサイズが大きすぎました	N
123	ネットで靴を買ったら…	楽しみにしていた靴がようやく届いたんだけど、履いてみたら、サイズを間違えて注文していたことに気づいた。	たのしみにしていたくつがようやくとどいたんだけどはいてみたらさいずをまちがえてちゅうもんしていたことにきづいた	1	1	1:40:41.848	1:40:50.166	20:20:19	Y	92	完整	たのしみにしていたくつがようやくとどいたんだけどたらまちがえてちゅうもんしていたことにきづいた	楽しみにしていた靴がようやく届いたんだけど履いてみたらサイズを間違えて注文していたことに気づいたはい	Y
124	ネットで靴を買ったら…	履けないこともないけど、さすがにこれでは歩きにくい。	はけないこともないけどさすがにこれではあるきにくい	2	1	1:48:04.512	1:48:07.802	20:27:42	Y	96	完整	けないこともないけどさすがにこれではあるきにくい	履けないこともないけどさすがにこれでは歩きにくい	Y
124	ネットで靴を買ったら…	履けないこともないけど、さすがにこれでは歩きにくい。	はけないこともないけどさすがにこれではあるきにくい	2	2	1:50:01.592	1:50:06.188	20:29:39	Y	91	完整	はけないこともないけどこれではあるきにくい	はけないこともないけどこれでは歩きにくい	Y
125	ネットで靴を買ったら…	サイズが大きすぎました。	さいずがおおきすぎました	1	1	1:25:55.352	1:25:57.692	20:05:33	Y	86	缺頭	がおおきすぎました		N
126	ネットで靴を買ったら…	交換できるか聞いてみようと思います。	こうかんできるかきいてみようとおもいます	7	1	1:07:46.848	1:07:50.854	19:47:24	Y	100	完整	こうかんできるかきいてみようとおもいます	お店に連絡して交換できるか聞いてみようと思います	N
126	ネットで靴を買ったら…	交換できるか聞いてみようと思います。	こうかんできるかきいてみようとおもいます	7	2	1:09:28.032	1:09:32.012	19:49:06	Y	100	完整	こうかんできるかきいてみようとおもいます	正方十一分で三社	N
126	ネットで靴を買ったら…	交換できるか聞いてみようと思います。	こうかんできるかきいてみようとおもいます	7	3	1:09:51.160	1:09:54.040	19:49:29	Y	100	完整	こうかんできるかきいてみようとおもいます	こうがんできるか聞いてみようと思います	Y
126	ネットで靴を買ったら…	交換できるか聞いてみようと思います。	こうかんできるかきいてみようとおもいます	7	4	1:10:51.936	1:10:54.022	19:50:29	Y	100	完整	こうかんできるかきいてみようとおもいます	聞いてみようと思います	N
126	ネットで靴を買ったら…	交換できるか聞いてみようと思います。	こうかんできるかきいてみようとおもいます	7	5	1:18:24.240	1:18:26.360	19:58:02	Y	100	完整	こうかんできるかきいてみようとおもいます	どう連絡して交換できるか聞いてみようと思います	N
126	ネットで靴を買ったら…	交換できるか聞いてみようと思います。	こうかんできるかきいてみようとおもいます	7	6	1:29:15.168	1:29:20.390	20:08:53	Y	97	完整	こうかんできるかきいてみようおもいます	お店に連絡して交換できるか聞いてみようと思います	N
126	ネットで靴を買ったら…	交換できるか聞いてみようと思います。	こうかんできるかきいてみようとおもいます	7	7	1:45:37.416	1:45:40.716	20:25:15	Y	100	完整	こうかんできるかきいてみようとおもいます	今聞いてみようと思います	N
127	ネットで靴を買ったら…	履けないこともないけど。	はけないこともないけど	8	1	1:36:26.232	1:36:28.472	20:16:04	Y	100	完整	はけないこともないけど	履読はけないこともないけど履けない	Y
127	ネットで靴を買ったら…	履けないこともないけど。	はけないこともないけど	8	2	1:36:28.472	1:36:30.212	20:16:06	Y	100	完整	はけないこともないけど	はけないこともないけどさ	Y
127	ネットで靴を買ったら…	履けないこともないけど。	はけないこともないけど	8	3	1:44:55.632	1:44:58.672	20:24:33	Y	100	完整	はけないこともないけど	はけないこともないけど	Y
127	ネットで靴を買ったら…	履けないこともないけど。	はけないこともないけど	8	4	1:47:09.312	1:47:11.494	20:26:47	Y	91	完整	けないこともないけど	書けないこともないけど	Y
127	ネットで靴を買ったら…	履けないこともないけど。	はけないこともないけど	8	5	1:47:58.320	1:48:00.520	20:27:36	Y	100	完整	はけないこともないけど	履けないこともないけど似合っちゃうんです	N
127	ネットで靴を買ったら…	履けないこともないけど。	はけないこともないけど	8	6	1:48:04.512	1:48:05.752	20:27:42	Y	91	完整	けないこともないけど	履けないこともないけどさすが	Y
127	ネットで靴を買ったら…	履けないこともないけど。	はけないこともないけど	8	7	1:49:28.528	1:49:30.778	20:29:06	Y	100	完整	はけないこともないけど	履けないこともないけど	Y
127	ネットで靴を買ったら…	履けないこともないけど。	はけないこともないけど	8	8	1:50:01.592	1:50:03.472	20:29:39	Y	100	完整	はけないこともないけど	はけないこともないけど	Y
128	ネットで靴を買ったら…	とりあえずお店に問い合わせてみるしかないな。	とりあえずおみせにといあわせてみるしかないな	4	1	1:40:18.000	1:40:22.720	20:19:56	Y	98	完整	とりあえずおみせにといあわせてみるしかない	とりあえずお店に問い合わせてみるしかない	Y
128	ネットで靴を買ったら…	とりあえずお店に問い合わせてみるしかないな。	とりあえずおみせにといあわせてみるしかないな	4	2	1:45:15.776	1:45:19.136	20:24:53	Y	100	完整	とりあえずおみせにといあわせてみるしかないな	とりあえずお店に問い合わせてみるしかないな親	Y
128	ネットで靴を買ったら…	とりあえずお店に問い合わせてみるしかないな。	とりあえずおみせにといあわせてみるしかないな	4	3	1:45:28.232	1:45:30.942	20:25:06	Y	100	完整	とりあえずおみせにといあわせてみるしかないな	とりあえずお店に問い合わせてみるしかないな	Y
128	ネットで靴を買ったら…	とりあえずお店に問い合わせてみるしかないな。	とりあえずおみせにといあわせてみるしかないな	4	4	1:50:28.824	1:50:32.674	20:30:06	Y	100	完整	とりあえずおみせにといあわせてみるしかないな	とりあえずお店に問い合わせてみるしかないな	Y
129	語法複習：能力形與被動形	名詞＋できる	めいしできる	0							（音軌裡找不到）			
130	語法複習：能力形與被動形	ドラムができる	どらむができる	1	1	1:51:06.832	1:51:07.822	20:30:44	Y	100	完整	どらむができる	ドラムができる	Y
131	語法複習：能力形與被動形	テニスができる	てにすができる	2	1	1:50:56.512	1:50:57.482	20:30:34	Y	100	完整	てにすができる	テニスができる	Y
131	語法複習：能力形與被動形	テニスができる	てにすができる	2	2	1:55:17.736	1:55:18.776	20:34:55	Y	100	完整	てにすができる	テニスができるピアノ	Y
132	語法複習：能力形與被動形	原形動詞＋ことができる	げんけいどうしことができる	0							（音軌裡找不到）			
133	語法複習：能力形與被動形	ドラムを叩くことができる	どらむをたたくことができる	1	1	1:51:12.952	1:51:16.134	20:30:50	Y	100	完整	どらむをたたくことができる	ドラムをたたくことができる	Y
134	語法複習：能力形與被動形	ピアノを弾くことができる	ぴあのをひくことができる	3	1	1:51:47.064	1:51:49.184	20:31:25	Y	100	完整	ぴあのをひくことができる	ピアノを弾くことができる	Y
134	語法複習：能力形與被動形	ピアノを弾くことができる	ぴあのをひくことができる	3	2	1:51:49.880	1:51:51.880	20:31:27	Y	96	完整	ぴあのひくことができる	ピアノを弾くことができる	Y
134	語法複習：能力形與被動形	ピアノを弾くことができる	ぴあのをひくことができる	3	3	1:55:20.976	1:55:22.966	20:34:59	Y	100	完整	ぴあのをひくことができる	ピアノを弾くことができる	Y
135	語法複習：能力形與被動形	動詞の能力形	どうしののうりょくけい	0							（音軌裡找不到）			
136	語法複習：能力形與被動形	作る	つくる	1	1	2:00:49.888	2:00:51.398	20:40:27	Y	100	完整	つくる	あ作る	Y
137	語法複習：能力形與被動形	作れる	つくれる	2	1	1:52:19.960	1:52:20.640	20:31:57	Y	100	完整	つくれる	作れる	Y
137	語法複習：能力形與被動形	作れる	つくれる	2	2	2:03:09.968	2:03:10.488	20:42:48	Y	100	完整	つくれる	作れる	Y
138	語法複習：能力形與被動形	見る	みる	2	1	1:50:31.304	1:50:31.704	20:30:09	Y	100	完整	みる	合わせてみるしかない	Y
138	語法複習：能力形與被動形	見る	みる	2	2	1:53:45.384	1:53:45.764	20:33:23	Y	100	完整	みる	見る	Y
139	語法複習：能力形與被動形	見られる	みられる	3	1	1:52:25.280	1:52:26.960	20:32:03	Y	100	完整	みられる	見られると	Y
139	語法複習：能力形與被動形	見られる	みられる	3	2	1:53:46.168	1:53:46.848	20:33:24	Y	100	完整	みられる	見られる	Y
139	語法複習：能力形與被動形	見られる	みられる	3	3	1:56:29.640	1:56:30.350	20:36:07	Y	100	完整	みられる	見られる	Y
140	語法複習：能力形與被動形	訪ねる	たずねる	1	1	2:00:42.632	2:00:43.270	20:40:20	Y	100	完整	たずねる	尋ねる	Y
141	語法複習：能力形與被動形	訪ねられる	たずねられる	0							（音軌裡找不到）			
142	語法複習：能力形與被動形	来る	くる	5	1	1:52:12.704	1:52:13.064	20:31:50	Y	100	完整	くる	トラックでドンシー	N
142	語法複習：能力形與被動形	来る	くる	5	2	1:53:33.808	1:53:34.398	20:33:11	Y	100	完整	くる	送る	Y
142	語法複習：能力形與被動形	来る	くる	5	3	1:58:39.576	1:58:40.396	20:38:17	Y	100	完整	くる	じゃない来る	Y
142	語法複習：能力形與被動形	来る	くる	5	4	2:00:50.188	2:00:51.398	20:40:28	Y	100	完整	くる	あ作る	Y
142	語法複習：能力形與被動形	来る	くる	5	5	2:19:29.080	2:19:29.760	20:59:07	Y	100	完整	くる	はい	N
143	語法複習：能力形與被動形	来られる	こられる	2	1	2:04:18.680	2:04:19.360	20:43:56	Y	100	完整	こられる	受診来られるよ	Y
143	語法複習：能力形與被動形	来られる	こられる	2	2	2:19:33.024	2:19:34.344	20:59:11	Y	100	完整	こられる	ペイトン・タイ来られる	N
144	語法複習：能力形與被動形	する	する	13	1	1:50:24.888	1:50:25.248	20:30:02	Y	100	完整	する	返品するにしても	Y
144	語法複習：能力形與被動形	する	する	13	2	1:50:26.568	1:50:26.928	20:30:04	Y	100	完整	する	交換するにして	Y
144	語法複習：能力形與被動形	する	する	13	3	1:50:34.576	1:50:34.936	20:30:12	Y	100	完整	する	びんするにして	Y
144	語法複習：能力形與被動形	する	する	13	4	1:50:37.896	1:50:38.216	20:30:15	Y	100	完整	する	にしても	N
144	語法複習：能力形與被動形	する	する	13	5	1:53:28.272	1:53:28.592	20:33:06	Y	100	完整	する	することができる	N
144	語法複習：能力形與被動形	する	する	13	6	1:53:44.264	1:53:44.824	20:33:22	Y	100	完整	する	はい	N
144	語法複習：能力形與被動形	する	する	13	7	1:53:47.352	1:53:48.152	20:33:25	Y	100	完整	する	シャイトにとんそれを寝る	N
144	語法複習：能力形與被動形	する	する	13	8	1:57:53.352	1:57:53.830	20:37:31	Y	100	完整	する	掃除する	Y
144	語法複習：能力形與被動形	する	する	13	9	1:59:55.760	1:59:56.230	20:39:33	Y	100	完整	する	する	Y
144	語法複習：能力形與被動形	する	する	13	10	2:04:34.384	2:04:34.624	20:44:12	Y	100	完整	する	すると	Y
144	語法複習：能力形與被動形	する	する	13	11	2:04:36.984	2:04:37.424	20:44:15	Y	100	完整	する	クイズスルーとベイド	Y
144	語法複習：能力形與被動形	する	する	13	12	2:12:16.816	2:12:17.096	20:51:54	Y	100	完整	する	コピーするじゃん	Y
144	語法複習：能力形與被動形	する	する	13	13	2:12:20.784	2:12:22.144	20:51:58	Y	100	完整	する	コピーする	Y
145	語法複習：能力形與被動形	できる	できる	17	1	1:50:57.112	1:50:57.482	20:30:35	Y	100	完整	できる	できる	Y
145	語法複習：能力形與被動形	できる	できる	17	2	1:51:02.544	1:51:03.206	20:30:40	Y	100	完整	できる	どれ	N
145	語法複習：能力形與被動形	できる	できる	17	3	1:51:07.392	1:51:07.822	20:30:45	Y	100	完整	できる	はい	N
145	語法複習：能力形與被動形	できる	できる	17	4	1:51:15.512	1:51:16.134	20:30:53	Y	100	完整	できる	す	N
145	語法複習：能力形與被動形	できる	できる	17	5	1:51:20.624	1:51:22.064	20:30:58	Y	100	完整	できる	それが好きだったんです	N
145	語法複習：能力形與被動形	できる	できる	17	6	1:51:38.472	1:51:38.902	20:31:16	Y	100	完整	できる	できる	Y
145	語法複習：能力形與被動形	できる	できる	17	7	1:51:48.744	1:51:49.184	20:31:26	Y	100	完整	できる	できる	Y
145	語法複習：能力形與被動形	できる	できる	17	8	1:51:51.120	1:51:51.880	20:31:29	Y	100	完整	できる	できる	Y
145	語法複習：能力形與被動形	できる	できる	17	9	1:52:58.704	1:52:58.994	20:32:36	Y	100	完整	できる	はい	N
145	語法複習：能力形與被動形	できる	できる	17	10	1:53:17.288	1:53:17.688	20:32:55	Y	100	完整	できる	ギターができるおふち	Y
145	語法複習：能力形與被動形	できる	できる	17	11	1:53:28.992	1:53:29.352	20:33:07	Y	100	完整	できる	できる	Y
145	語法複習：能力形與被動形	できる	できる	17	12	1:54:00.904	1:54:01.294	20:33:38	Y	100	完整	できる	できる	Y
145	語法複習：能力形與被動形	できる	できる	17	13	1:55:18.296	1:55:18.776	20:34:56	Y	100	完整	できる	ピアノ	N
145	語法複習：能力形與被動形	できる	できる	17	14	1:55:19.536	1:55:20.376	20:34:57	Y	100	完整	できる	ピアノができる	Y
145	語法複習：能力形與被動形	できる	できる	17	15	1:55:22.576	1:55:22.966	20:35:00	Y	100	完整	できる	できる	Y
145	語法複習：能力形與被動形	できる	できる	17	16	2:04:36.064	2:04:36.564	20:44:14	Y	100	完整	できる	できる	Y
145	語法複習：能力形與被動形	できる	できる	17	17	2:12:32.040	2:12:32.646	20:52:10	Y	100	完整	できる	コピーできる	Y
146	語法複習：能力形與被動形	可能形	かのうけい	0							（音軌裡找不到）			
147	語法複習：能力形與被動形	自分が〜できる	じぶんができる	0							（音軌裡找不到）			
148	語法複習：能力形與被動形	受け身	うけみ	0							（音軌裡找不到）			
149	語法複習：能力形與被動形	他の人から〜される	ほかのひとからされる	0							（音軌裡找不到）			
150	語法複習：能力形與被動形	叩く	たたく	3	1	1:51:14.152	1:51:14.992	20:30:52	Y	100	完整	たたく	たたくこと	Y
150	語法複習：能力形與被動形	叩く	たたく	3	2	2:02:19.624	2:02:20.384	20:41:57	Y	100	完整	たたく	ただグツグツ	N
150	語法複習：能力形與被動形	叩く	たたく	3	3	2:02:40.944	2:02:41.404	20:42:18	Y	100	完整	たたく	パタッ	N
151	語法複習：能力形與被動形	叩ける	たたける	2	1	2:02:47.128	2:02:47.908	20:42:25	Y	100	完整	たたける	たたける	Y
151	語法複習：能力形與被動形	叩ける	たたける	2	2	2:02:48.744	2:02:49.318	20:42:26	Y	100	完整	たたける	たたける	Y
152	語法複習：能力形與被動形	叩かれる	たたかれる	1	1	2:03:01.848	2:03:02.578	20:42:39	Y	100	完整	たたかれる	たたかれる	Y
153	語法複習：能力形與被動形	作られる	つくられる	1	1	2:03:21.944	2:03:22.822	20:42:59	Y	100	完整	つくられる	つくだ	N
154	語法複習：能力形與被動形	食べる	たべる	3	1	1:52:39.456	1:52:39.866	20:32:17	Y	100	完整	たべる	食べる	Y
154	語法複習：能力形與被動形	食べる	たべる	3	2	1:54:26.264	1:54:26.784	20:34:04	Y	100	完整	たべる	たべるラーね	Y
154	語法複習：能力形與被動形	食べる	たべる	3	3	2:19:04.024	2:19:04.584	20:58:42	Y	100	完整	たべる	食べる	Y
155	語法複習：能力形與被動形	食べられる	たべられる	0							（音軌裡找不到）			
156	語法複習：能力形與被動形	される	される	4	1	2:04:38.624	2:04:39.274	20:44:16	Y	100	完整	される	はい	N
156	語法複習：能力形與被動形	される	される	4	2	2:16:51.224	2:16:51.774	20:56:29	Y	100	完整	される	落とされる	Y
156	語法複習：能力形與被動形	される	される	4	3	2:17:08.624	2:17:09.364	20:56:46	Y	100	完整	される	はい	N
156	語法複習：能力形與被動形	される	される	4	4	2:18:10.224	2:18:10.694	20:57:48	Y	100	完整	される	離される	Y
157	語法複習：能力形與被動形	塗る	ぬる	5	1	2:00:58.720	2:00:59.142	20:40:36	Y	100	完整	ぬる	塗る	Y
157	語法複習：能力形與被動形	塗る	ぬる	5	2	2:01:01.248	2:01:02.694	20:40:39	Y	100	完整	ぬる	ぬる	Y
157	語法複習：能力形與被動形	塗る	ぬる	5	3	2:17:19.424	2:17:19.942	20:56:57	Y	100	完整	ぬる	塗る	Y
157	語法複習：能力形與被動形	塗る	ぬる	5	4	2:17:23.720	2:17:24.120	20:57:01	Y	100	完整	ぬる	塗る	Y
157	語法複習：能力形與被動形	塗る	ぬる	5	5	2:17:24.120	2:17:24.560	20:57:02	Y	100	完整	ぬる	塗る	Y
158	語法複習：能力形與被動形	塗れる	ぬれる	4	1	2:07:16.632	2:07:17.562	20:46:54	Y	100	完整	ぬれる	ぬれる	Y
158	語法複習：能力形與被動形	塗れる	ぬれる	4	2	2:07:20.032	2:07:20.852	20:46:58	Y	100	完整	ぬれる	ぬれる	Y
158	語法複習：能力形與被動形	塗れる	ぬれる	4	3	2:07:44.040	2:07:44.870	20:47:22	Y	100	完整	ぬれる	揺れると	N
158	語法複習：能力形與被動形	塗れる	ぬれる	4	4	2:17:26.568	2:17:27.108	20:57:04	Y	100	完整	ぬれる	ぬれる	Y
159	語法複習：能力形與被動形	塗られる	ぬられる	0							（音軌裡找不到）			
160	語法複習：能力形與被動形	のし上がる	のしあがる	2	1	2:06:05.944	2:06:07.046	20:45:43	Y	100	完整	のしあがる	のし上がる	Y
160	語法複習：能力形與被動形	のし上がる	のしあがる	2	2	2:08:04.120	2:08:05.820	20:47:42	Y	100	完整	のしあがる	何か	N
161	語法複習：能力形與被動形	のし上がれる	のしあがれる	0							（音軌裡找不到）			
162	語法複習：能力形與被動形	生き延びる	いきのびる	0							（音軌裡找不到）			
163	語法複習：能力形與被動形	生き延びられる	いきのびられる	1	1	2:09:49.632	2:09:50.872	20:49:27	Y	100	完整	いきのびられる	生き延びられる里へ	Y
164	語法複習：能力形與被動形	稼ぐ	かせぐ	1	1	2:06:26.920	2:06:27.750	20:46:04	Y	100	完整	かせぐ	ザラ	N
165	語法複習：能力形與被動形	稼げる	かせげる	2	1	2:10:19.200	2:10:20.670	20:49:57	Y	100	完整	かせげる	稼げる稼げる	Y
165	語法複習：能力形與被動形	稼げる	かせげる	2	2	2:10:28.280	2:10:29.160	20:50:06	Y	100	完整	かせげる	稼げる仕事	Y
166	語法複習：能力形與被動形	稼がれる	かせがれる	0							（音軌裡找不到）			
167	語法複習：能力形與被動形	勉強し始める	べんきょうしはじめる	3	1	2:06:38.776	2:06:40.376	20:46:16	Y	100	完整	べんきょうしはじめる	勉強し始める	Y
167	語法複習：能力形與被動形	勉強し始める	べんきょうしはじめる	3	2	2:11:03.128	2:11:04.328	20:50:41	Y	100	完整	べんきょうしはじめる	勉強し始めるぞ	Y
167	語法複習：能力形與被動形	勉強し始める	べんきょうしはじめる	3	3	2:11:34.160	2:11:35.120	20:51:12	Y	90	完整	べんきょうしはじめ	勉強し始められる	Y
168	語法複習：能力形與被動形	勉強し始められる	べんきょうしはじめられる	3	1	2:06:38.776	2:06:40.376	20:46:16	Y	91	完整	べんきょうしはじめる	勉強し始める	N
168	語法複習：能力形與被動形	勉強し始められる	べんきょうしはじめられる	3	2	2:11:03.128	2:11:04.328	20:50:41	Y	91	完整	べんきょうしはじめる	勉強し始めるぞ	N
168	語法複習：能力形與被動形	勉強し始められる	べんきょうしはじめられる	3	3	2:11:34.160	2:11:35.780	20:51:12	Y	100	完整	べんきょうしはじめられる	勉強し始められるぺい	Y
169	語法複習：能力形與被動形	登る	のぼる	0							（音軌裡找不到）			
170	語法複習：能力形與被動形	登れる	のぼれる	1	1	2:12:03.192	2:12:07.752	20:51:41	Y	100	間隔異常	のぼれる		N
171	語法複習：能力形與被動形	登られる	のぼられる	0							（音軌裡找不到）			
172	語法複習：能力形與被動形	コピーする	こぴーする	2	1	2:12:16.496	2:12:17.096	20:51:54	Y	100	完整	こぴーする	コピーする単純	Y
172	語法複習：能力形與被動形	コピーする	こぴーする	2	2	2:12:19.864	2:12:22.144	20:51:57	Y	100	完整	こぴーする	コピーする	Y
173	語法複習：能力形與被動形	コピーできる	こぴーできる	1	1	2:12:31.320	2:12:32.646	20:52:09	Y	100	完整	こぴーできる	コピーできる	Y
174	語法複習：能力形與被動形	コピーされる	こぴーされる	0							（音軌裡找不到）			
175	語法複習：能力形與被動形	使う	つかう	1	1	2:13:35.128	2:13:35.688	20:53:13	Y	100	完整	つかう	それ使う便座なん	Y
176	語法複習：能力形與被動形	使える	つかえる	1	1	2:13:36.288	2:13:36.988	20:53:14	Y	100	完整	つかえる	使える	Y
177	語法複習：能力形與被動形	使われる	つかわれる	0							（音軌裡找不到）			
178	語法複習：能力形與被動形	笑う	わらう	0							（音軌裡找不到）			
179	語法複習：能力形與被動形	笑える	わらえる	1	1	2:14:10.064	2:14:10.664	20:53:48	Y	100	完整	わらえる	笑える	Y
180	語法複習：能力形與被動形	笑われる	わらわれる	1	1	2:14:28.128	2:14:29.158	20:54:06	Y	100	完整	わらわれる	笑われる	Y
181	語法複習：能力形與被動形	言う	いう	5	1	1:52:08.952	1:52:09.352	20:31:46	Y	100	完整	いう	こういうシーン	Y
181	語法複習：能力形與被動形	言う	いう	5	2	1:56:52.832	1:56:54.160	20:36:30	Y	100	完整	いう	来られる	N
181	語法複習：能力形與被動形	言う	いう	5	3	2:10:36.808	2:10:37.768	20:50:14	Y	100	完整	いう	焦	N
181	語法複習：能力形與被動形	言う	いう	5	4	2:11:00.856	2:11:00.936	20:50:38	Y	100	完整	いう	そういう医者や	Y
181	語法複習：能力形與被動形	言う	いう	5	5	2:16:01.800	2:16:02.768	20:55:39	Y	100	完整	いう	トンさんうどんどんさん何でいいしい	N
182	語法複習：能力形與被動形	言える	いえる	0							（音軌裡找不到）			
183	語法複習：能力形與被動形	言われる	いわれる	0							（音軌裡找不到）			
184	語法複習：能力形與被動形	割られる	わられる	1	1	2:16:15.416	2:16:17.446	20:55:53	Y	100	完整	わられる	つわられる	Y
185	語法複習：能力形與被動形	汚す	よごす	3	1	2:16:53.848	2:16:54.662	20:56:31	Y	100	完整	よごす	汚す	Y
185	語法複習：能力形與被動形	汚す	よごす	3	2	2:16:58.264	2:16:59.064	20:56:36	Y	100	完整	よごす	横須	N
185	語法複習：能力形與被動形	汚す	よごす	3	3	2:17:03.800	2:17:04.660	20:56:41	Y	100	完整	よごす	汚す汚す	Y
186	語法複習：能力形與被動形	汚せる	よごせる	2	1	2:17:05.016	2:17:06.776	20:56:43	Y	100	完整	よごせる	汚せる汚す	Y
186	語法複習：能力形與被動形	汚せる	よごせる	2	2	2:17:06.776	2:17:07.766	20:56:44	Y	100	完整	よごせる	はい	N
187	語法複習：能力形與被動形	汚される	よごされる	1	1	2:17:08.224	2:17:09.364	20:56:46	Y	100	完整	よごされる	はい汚されるはい	Y
188	語法複習：能力形與被動形	引っ張る	ひっぱる	1	1	2:17:49.824	2:17:50.444	20:57:27	Y	100	完整	ひっぱる	はい	N
189	語法複習：能力形與被動形	引っ張れる	ひっぱれる	1	1	2:17:57.120	2:17:57.730	20:57:35	Y	100	完整	ひっぱれる	引っ張れる	Y
190	語法複習：能力形與被動形	引っ張られる	ひっぱられる	0							（音軌裡找不到）			
191	語法複習：能力形與被動形	かける	かける	1	1	2:18:38.744	2:18:39.384	20:58:16	Y	100	完整	かける	エンジンをかけるエンジン	Y
192	語法複習：能力形與被動形	かけられる	かけられる	3	1	2:16:42.152	2:16:43.112	20:56:20	Y	100	完整	かけられる	え	N
192	語法複習：能力形與被動形	かけられる	かけられる	3	2	2:18:40.768	2:18:42.408	20:58:18	Y	100	完整	かけられる	かけられる	Y
192	語法複習：能力形與被動形	かけられる	かけられる	3	3	2:19:02.016	2:19:03.096	20:58:40	Y	100	完整	かけられる	かけられるはい	Y
193	語法複習：能力形與被動形	生き延びられた	いきのびられた	1	1	2:09:53.944	2:09:56.166	20:49:31	Y	100	完整	いきのびられた	生き延びられた	Y
194	語法複習：能力形與被動形	心から笑える	こころからわらえる	1	1	2:14:09.344	2:14:10.664	20:53:47	Y	100	完整	こころからわらえる	心から笑える	Y
195	語法複習：能力形與被動形	先に登られた	さきにのぼられた	0							（音軌裡找不到）			
196	語法複習：能力形與被動形	エンジンをかけられる	えんじんをかけられる	1	1	2:18:39.384	2:18:42.408	20:58:17	Y	90	完整	えんじんかけられる	かけられる	N
197	新聞：「ありえない所」から車衝突	カラーコーン	からーこーん	0							（音軌裡找不到）			
198	新聞：「ありえない所」から車衝突	ブレーキを踏む	ぶれーきをふむ	2	1	2:23:08.888	2:23:09.968	21:02:46	Y	100	完整	ぶれーきをふむ	ブレーキを踏む	Y
198	新聞：「ありえない所」から車衝突	ブレーキを踏む	ぶれーきをふむ	2	2	2:23:18.504	2:23:19.834	21:02:56	Y	100	完整	ぶれーきをふむ	ブレーキを踏む	Y
199	新聞：「ありえない所」から車衝突	軽自動車	けいじどうしゃ	3	1	2:26:52.160	2:26:52.680	21:06:30	Y	100	完整	けいじどうしゃ	軽自動車の運転	Y
199	新聞：「ありえない所」から車衝突	軽自動車	けいじどうしゃ	3	2	2:40:22.424	2:40:23.144	21:20:00	Y	100	完整	けいじどうしゃ	軽自動車の運転手	N
199	新聞：「ありえない所」から車衝突	軽自動車	けいじどうしゃ	3	3	2:40:41.496	2:40:42.056	21:20:19	Y	100	完整	けいじどうしゃ	軽自動車の運転手	N
200	新聞：「ありえない所」から車衝突	同乗者	どうじょうしゃ	2	1	2:23:56.800	2:23:57.780	21:03:34	Y	100	完整	どうじょうしゃ	え同乗者	Y
200	新聞：「ありえない所」から車衝突	同乗者	どうじょうしゃ	2	2	2:26:53.640	2:26:54.160	21:06:31	Y	100	完整	どうじょうしゃ	運転手と同乗者の二人	N
201	新聞：「ありえない所」から車衝突	目撃者	もくげきしゃ	0							（音軌裡找不到）			
202	新聞：「ありえない所」から車衝突	高齢者	こうれいしゃ	2	1	2:40:24.064	2:40:24.544	21:20:02	Y	100	完整	こうれいしゃ	運転手は高齢者でした	N
202	新聞：「ありえない所」から車衝突	高齢者	こうれいしゃ	2	2	2:40:42.936	2:40:43.416	21:20:20	Y	100	完整	こうれいしゃ	高齢者でした	Y
203	新聞：「ありえない所」から車衝突	一言	ひとこと	0							（音軌裡找不到）			
204	新聞：「ありえない所」から車衝突	呆然	ぼうぜん	5	1	2:22:04.496	2:22:05.350	21:01:42	Y	100	完整	ぼうぜん	ぼう然	Y
204	新聞：「ありえない所」から車衝突	呆然	ぼうぜん	5	2	2:41:01.824	2:41:02.184	21:20:39	Y	100	完整	ぼうぜん	もうぼう然というか	Y
204	新聞：「ありえない所」から車衝突	呆然	ぼうぜん	5	3	2:41:25.744	2:41:26.504	21:21:03	Y	100	完整	ぼうぜん	ぼう然っていう	Y
204	新聞：「ありえない所」から車衝突	呆然	ぼうぜん	5	4	2:41:50.480	2:41:51.040	21:21:28	Y	100	完整	ぼうぜん	ぼう然でした	Y
204	新聞：「ありえない所」から車衝突	呆然	ぼうぜん	5	5	2:42:05.512	2:42:05.952	21:21:43	Y	100	完整	ぼうぜん	なんかもうぼう然って	Y
205	新聞：「ありえない所」から車衝突	道路脇	どうろわき	2	1	2:26:01.912	2:26:02.392	21:05:39	Y	100	完整	どうろわき	道路脇の壁に	Y
205	新聞：「ありえない所」から車衝突	道路脇	どうろわき	2	2	2:28:05.048	2:28:05.728	21:07:43	Y	100	完整	どうろわき	働きの壁に	N
206	新聞：「ありえない所」から車衝突	なぎ倒す	なぎたおす	7	1	2:21:20.744	2:21:21.766	21:00:58	Y	100	完整	なぎたおす	なぎたおす	Y
206	新聞：「ありえない所」から車衝突	なぎ倒す	なぎたおす	7	2	2:22:40.584	2:22:41.510	21:02:18	Y	100	完整	なぎたおす	なぎ倒す	Y
206	新聞：「ありえない所」から車衝突	なぎ倒す	なぎたおす	7	3	2:22:52.200	2:22:53.320	21:02:30	Y	100	完整	なぎたおす	なぎ倒し	Y
206	新聞：「ありえない所」から車衝突	なぎ倒す	なぎたおす	7	4	2:27:48.680	2:27:49.280	21:07:26	Y	100	完整	なぎたおす	なぎ倒す	Y
206	新聞：「ありえない所」から車衝突	なぎ倒す	なぎたおす	7	5	2:27:54.680	2:27:55.490	21:07:32	Y	100	完整	なぎたおす	なぎ倒す	Y
206	新聞：「ありえない所」から車衝突	なぎ倒す	なぎたおす	7	6	2:48:59.712	2:49:00.472	21:28:37	Y	100	完整	なぎたおす	なぎ倒すチンジャン	Y
206	新聞：「ありえない所」から車衝突	なぎ倒す	なぎたおす	7	7	2:49:02.976	2:49:04.376	21:28:41	Y	100	完整	なぎたおす	はいなぎ倒す	Y
207	新聞：「ありえない所」から車衝突	なぎ倒します	なぎたおします	0							（音軌裡找不到）			
208	新聞：「ありえない所」から車衝突	効く	きく	1	1	2:53:49.528	2:53:49.848	21:33:27	Y	100	完整	きく	高級の実	N
209	新聞：「ありえない所」から車衝突	効きます	ききます	0							（音軌裡找不到）			
210	新聞：「ありえない所」から車衝突	救急搬送する	きゅうきゅうはんそうする	3	1	2:22:25.336	2:22:27.496	21:02:03	Y	100	完整	きゅうきゅうはんそうする	救急搬送する	Y
210	新聞：「ありえない所」から車衝突	救急搬送する	きゅうきゅうはんそうする	3	2	2:24:17.592	2:24:18.812	21:03:55	Y	100	完整	きゅうきゅうはんそうする	救急搬送する	Y
210	新聞：「ありえない所」から車衝突	救急搬送する	きゅうきゅうはんそうする	3	3	2:24:23.776	2:24:25.576	21:04:01	Y	100	完整	きゅうきゅうはんそうする	豚救急搬送するじゃんさ	Y
211	新聞：「ありえない所」から車衝突	現れる	あらわれる	11	1	2:34:35.280	2:34:36.100	21:14:13	Y	100	完整	あらわれる	現れる	Y
211	新聞：「ありえない所」から車衝突	現れる	あらわれる	11	2	2:35:16.872	2:35:17.542	21:14:54	Y	100	完整	あらわれる	現れる	Y
211	新聞：「ありえない所」から車衝突	現れる	あらわれる	11	3	2:35:23.408	2:35:24.028	21:15:01	Y	100	完整	あらわれる	現れる	Y
211	新聞：「ありえない所」から車衝突	現れる	あらわれる	11	4	2:36:13.280	2:36:14.822	21:15:51	Y	100	完整	あらわれる	現れる	Y
211	新聞：「ありえない所」から車衝突	現れる	あらわれる	11	5	2:36:26.176	2:36:27.416	21:16:04	Y	100	完整	あらわれる	現れるから	Y
211	新聞：「ありえない所」から車衝突	現れる	あらわれる	11	6	2:36:47.024	2:36:48.864	21:16:25	Y	100	完整	あらわれる	現れるか	Y
211	新聞：「ありえない所」から車衝突	現れる	あらわれる	11	7	2:37:08.160	2:37:09.320	21:16:46	Y	100	完整	あらわれる	今現れる	Y
211	新聞：「ありえない所」から車衝突	現れる	あらわれる	11	8	2:37:37.328	2:37:37.768	21:17:15	Y	100	完整	あらわれる	現れるから	Y
211	新聞：「ありえない所」から車衝突	現れる	あらわれる	11	9	2:37:38.088	2:37:38.608	21:17:16	Y	100	完整	あらわれる	現れるから	Y
211	新聞：「ありえない所」から車衝突	現れる	あらわれる	11	10	2:37:38.928	2:37:39.408	21:17:16	Y	100	完整	あらわれる	現れるから	Y
211	新聞：「ありえない所」から車衝突	現れる	あらわれる	11	11	2:37:56.744	2:37:57.664	21:17:34	Y	100	完整	あらわれる	現れるから	Y
212	新聞：「ありえない所」から車衝突	現れます	あらわれます	0							（音軌裡找不到）			
213	新聞：「ありえない所」から車衝突	ぶつかる	ぶつかる	3	1	2:28:47.192	2:28:48.602	21:08:25	Y	100	完整	ぶつかる	リズムぶつかる分	Y
213	新聞：「ありえない所」から車衝突	ぶつかる	ぶつかる	3	2	2:29:08.984	2:29:09.954	21:08:47	Y	100	完整	ぶつかる	がぶつかる	Y
213	新聞：「ありえない所」から車衝突	ぶつかる	ぶつかる	3	3	2:32:45.888	2:32:46.688	21:12:23	Y	100	完整	ぶつかる	どう	N
214	新聞：「ありえない所」から車衝突	ぶつかります	ぶつかります	0							（音軌裡找不到）			
215	新聞：「ありえない所」から車衝突	ぶつける	ぶつける	3	1	2:28:49.224	2:28:49.964	21:08:27	Y	100	完整	ぶつける	ぶつけるチンジャー	Y
215	新聞：「ありえない所」から車衝突	ぶつける	ぶつける	3	2	2:28:56.952	2:28:57.642	21:08:34	Y	100	完整	ぶつける	そもそれはぶつける	Y
215	新聞：「ありえない所」から車衝突	ぶつける	ぶつける	3	3	2:29:06.256	2:29:07.066	21:08:44	Y	100	完整	ぶつける	をぶつける	Y
216	新聞：「ありえない所」から車衝突	ぶつけます	ぶつけます	0							（音軌裡找不到）			
217	新聞：「ありえない所」から車衝突	車を壁にぶつけました。	くるまをかべにぶつけました	0							（音軌裡找不到）			
218	新聞：「ありえない所」から車衝突	車が壁にぶつかった。	くるまがかべにぶつかった	0							（音軌裡找不到）			
219	新聞：「ありえない所」から車衝突	この薬は効かなかった。	このくすりはきかなかった	0							（音軌裡找不到）			
220	新聞：「ありえない所」から車衝突	カラーコーンをなぎ倒し、道路脇の壁に衝突。	からーこーんをなぎたおしどうろわきのかべにしょうとつ	0							（音軌裡找不到）			
221	新聞：「ありえない所」から車衝突	目撃者の車にもぶつかりました。	もくげきしゃのくるまにもぶつかりました	0							（音軌裡找不到）			
222	新聞：「ありえない所」から車衝突	最初、後ろで何か事故があったのかなというふうに思ってたところ、	さいしょうしろでなにかじこがあったのかなというふうにおもってたところ	3	1	2:32:58.728	2:33:03.988	21:12:36	Y	100	完整	さいしょうしろでなにかじこがあったのかなというふうにおもってたところ	最初後ろで何か事故があったのかなというふうに思ってたところ	Y
222	新聞：「ありえない所」から車衝突	最初、後ろで何か事故があったのかなというふうに思ってたところ、	さいしょうしろでなにかじこがあったのかなというふうにおもってたところ	3	2	2:33:21.728	2:33:28.026	21:12:59	Y	87	完整	いうしろでなにかじこがあったかなっていうふうにおもっていたところ	後ろで何か事故があったかなっていうふうに思っていたところ	N
222	新聞：「ありえない所」から車衝突	最初、後ろで何か事故があったのかなというふうに思ってたところ、	さいしょうしろでなにかじこがあったのかなというふうにおもってたところ	3	3	2:38:55.224	2:38:59.504	21:18:33	Y	97	完整	さいしょうしろでなにかじこがあったのかなというふうにおもっていたとこ	最初後ろで何か事故があったのかなというふうに思ってたところ気が付きました	N
223	新聞：「ありえない所」から車衝突	急に左側に車が現れたので、もう驚いたっていう、	きゅうにひだりがわにくるまがあらわれたのでもうおどろいたっていう	1	1	2:38:48.344	2:38:52.064	21:18:26	Y	100	完整	きゅうにひだりがわにくるまがあらわれたのでもうおどろいたっていう	急に左側に車が現れたのでも驚いたっていうまさにその時	N
224	新聞：「ありえない所」から車衝突	まさにその一言ですね。どこから来たんだっていう。	まさにそのひとことですねどこからきたんだっていう	0							（音軌裡找不到）			
225	新聞：「ありえない所」から車衝突	警視庁によると、軽自動車の運転手は高齢者でした。	けいしちょうによるとけいじどうしゃのうんてんしゅはこうれいしゃでした	1	1	2:40:20.440	2:40:24.998	21:19:58	Y	100	完整	けいしちょうによるとけいじどうしゃのうんてんしゅはこうれいしゃでした	警視庁によると軽自動車の運転手は高齢者でした	Y
226	新聞：「ありえない所」から車衝突	様子を見に行った時には、なんかもう呆然というか、	ようすをみにいったときにはなんかもうぼうぜんというか	1	1	2:40:54.880	2:41:02.784	21:20:32	Y	96	間隔異常	ようすをみにいったときにはなにかもうぼうぜんというか		N
227	新聞：「ありえない所」から車衝突	なんかわけわかんない状態だったみたいですね。	なんかわけわかんないじょうたいだったみたいですね	1	1	2:41:02.784	2:41:05.904	21:20:40	Y	96	完整	なにかわけわかんないじょうたいだったみたいですね	なんか訳分かんない状態だったみたいですね	Y
228	新聞：「ありえない所」から車衝突	どうしたのって聞いたら、いやブレーキ踏んだんだけど効かなかったっていうようなことを言ってたので。	どうしたのってきいたらいやぶれーきふんだんだけどきかなかったっていうようなことをいってたので	1	1	2:42:39.192	2:42:45.476	21:22:17	Y	92	缺頭	ってきいたらぶれーきふんだんだけどきかなかったっていうようなことをいってたので		N
229	新聞：「ありえない所」から車衝突	軽自動車の運転手と同乗者の2人は怪我をして救急搬送されていて、	けいじどうしゃのうんてんしゅとどうじょうしゃのふたりはけがをしてきゅうきゅうはんそうされていて	1	1	2:26:52.160	2:26:57.530	21:06:30	Y	100	完整	けいじどうしゃのうんてんしゅとどうじょうしゃのふたりはけがをしてきゅうきゅうはんそうされていて	軽自動車の運転手と同乗者の二人はけがをして救急搬送されていて	Y
230	新聞：「ありえない所」から車衝突	警視庁が詳しい状況を調べています。	けいしちょうがくわしいじょうきょうをしらべています	1	1	2:26:58.520	2:27:02.200	21:06:36	Y	100	完整	けいしちょうがくわしいじょうきょうをしらべています	警視庁が詳しい状況を調べています	Y
231	新聞：「ありえない所」から車衝突	〜たところ	たところ	7	1	2:26:17.416	2:26:18.096	21:05:55	Y	100	完整	たところ	急に	N
231	新聞：「ありえない所」から車衝突	〜たところ	たところ	7	2	2:33:03.328	2:33:03.988	21:12:41	Y	100	完整	たところ	思ってたところ	Y
231	新聞：「ありえない所」から車衝突	〜たところ	たところ	7	3	2:33:27.256	2:33:28.026	21:13:05	Y	100	完整	たところ	はい	N
231	新聞：「ありえない所」から車衝突	〜たところ	たところ	7	4	2:34:22.424	2:34:23.624	21:14:00	Y	100	完整	たところ	思ってたところを	Y
231	新聞：「ありえない所」から車衝突	〜たところ	たところ	7	5	2:34:26.144	2:34:27.084	21:14:04	Y	100	完整	たところ	あ	N
231	新聞：「ありえない所」から車衝突	〜たところ	たところ	7	6	2:34:28.088	2:34:28.808	21:14:06	Y	100	完整	たところ	思ったところと食い	Y
231	新聞：「ありえない所」から車衝突	〜たところ	たところ	7	7	2:38:59.104	2:38:59.704	21:18:37	Y	100	完整	たところ	急に	N
232	新聞：「ありえない所」から車衝突	事故があったのかなと思っていたところ、	じこがあったのかなとおもっていたところ	0							（音軌裡找不到）			
233	新聞：「ありえない所」から車衝突	〜時	とき	9	1	2:24:17.592	2:24:17.645	21:03:55	Y	100	完整	とき	救急搬送	N
233	新聞：「ありえない所」から車衝突	〜時	とき	9	2	2:26:36.800	2:26:37.040	21:06:14	Y	100	完整	とき	時には	Y
233	新聞：「ありえない所」から車衝突	〜時	とき	9	3	2:33:35.496	2:33:36.016	21:13:13	Y	100	完整	とき	すると気付くと	Y
233	新聞：「ありえない所」から車衝突	〜時	とき	9	4	2:37:28.696	2:37:28.936	21:17:06	Y	100	完整	とき	液体	N
233	新聞：「ありえない所」から車衝突	〜時	とき	9	5	2:41:00.624	2:41:00.784	21:20:38	Y	100	完整	とき	時には	Y
233	新聞：「ありえない所」から車衝突	〜時	とき	9	6	2:41:49.720	2:41:50.000	21:21:27	Y	100	完整	とき	いた時には	Y
233	新聞：「ありえない所」から車衝突	〜時	とき	9	7	2:46:08.848	2:46:09.328	21:25:46	Y	100	完整	とき	と聞いたら	Y
233	新聞：「ありえない所」から車衝突	〜時	とき	9	8	2:49:44.864	2:49:45.054	21:29:22	Y	100	完整	とき	正直	N
233	新聞：「ありえない所」から車衝突	〜時	とき	9	9	2:52:39.320	2:52:39.480	21:32:17	Y	100	完整	とき	六十回	N
234	新聞：「ありえない所」から車衝突	様子を見に行った時には	ようすをみにいったときには	2	1	2:26:35.960	2:26:37.210	21:06:13	Y	100	完整	ようすをみにいったときには	様子を見に行ったときには何	Y
234	新聞：「ありえない所」から車衝突	様子を見に行った時には	ようすをみにいったときには	2	2	2:41:47.200	2:41:50.480	21:21:25	Y	100	完整	ようすをみにいったときには	様子を見に行った時には帽子	Y
235	新聞：「ありえない所」から車衝突	急に左側に車が現れた	きゅうにひだりがわにくるまがあらわれた	4	1	2:26:18.096	2:26:19.946	21:05:56	Y	95	完整	きゅうにひだりがわにくるまがあらわれ	ところ急に左側に車が現れたので	Y
235	新聞：「ありえない所」から車衝突	急に左側に車が現れた	きゅうにひだりがわにくるまがあらわれた	4	2	2:34:29.912	2:34:32.032	21:14:07	Y	100	完整	きゅうにひだりがわにくるまがあらわれた	急に左側に車が現れたので	Y
235	新聞：「ありえない所」から車衝突	急に左側に車が現れた	きゅうにひだりがわにくるまがあらわれた	4	3	2:38:41.112	2:38:43.112	21:18:19	Y	100	完整	きゅうにひだりがわにくるまがあらわれた	急に左側に車が現れたのでも	Y
235	新聞：「ありえない所」から車衝突	急に左側に車が現れた	きゅうにひだりがわにくるまがあらわれた	4	4	2:38:48.344	2:38:50.464	21:18:26	Y	100	完整	きゅうにひだりがわにくるまがあらわれた	急に左側に車が現れたのでも	Y
236	新聞：「ありえない所」から車衝突	左側にスタバが見えます	ひだりがわにすたばがみえます	1	1	2:35:01.112	2:35:03.864	21:14:39	Y	88	完整	ひだりがわにがみえます	左側にスタバが見えます	N
237	新聞：「ありえない所」から車衝突	心配しないでください。きっといい人が現れるから。	しんぱいしないでくださいきっといいひとがあらわれるから	0							（音軌裡找不到）			
238	新聞：「ありえない所」から車衝突	安心して、きっといい人が現れるから。	あんしんしてきっといいひとがあらわれるから	0							（音軌裡找不到）			
239	新聞：「ありえない所」から車衝突	もう驚いたっていう感じですね	もうおどろいたっていうかんじですね	0							（音軌裡找不到）			
240	新聞：「ありえない所」から車衝突	まさにその一言	まさにそのひとこと	0							（音軌裡找不到）			
241	新聞：「ありえない所」から車衝突	わけわかんない	わけわかんない	1	1	2:41:03.224	2:41:04.224	21:20:41	Y	100	完整	わけわかんない	何か訳分かんない状態だった	N
242	新聞：「ありえない所」から車衝突	〜みたいです	みたいです	1	1	2:41:04.944	2:41:05.664	21:20:42	Y	100	完整	みたいです	あ	N
243	新聞：「ありえない所」から車衝突	〜というか	というか	3	1	2:26:38.648	2:26:39.688	21:06:16	Y	100	完整	というか	ぼう然というかなんか	Y
243	新聞：「ありえない所」から車衝突	〜というか	というか	3	2	2:39:36.504	2:39:37.144	21:19:14	Y	100	完整	というか	よっしゃという感じ	Y
243	新聞：「ありえない所」から車衝突	〜というか	というか	3	3	2:41:02.184	2:41:02.784	21:20:40	Y	100	完整	というか	ぼう然というか	Y
244	新聞：「ありえない所」から車衝突	警視庁によると	けいしちょうによると	2	1	2:40:09.056	2:40:12.696	21:19:47	Y	100	完整	けいしちょうによると	警視庁によるとガンジェリンさん	N
244	新聞：「ありえない所」から車衝突	警視庁によると	けいしちょうによると	2	2	2:40:20.440	2:40:22.150	21:19:58	Y	100	完整	けいしちょうによると	警視庁によると刑事	Y
245	新聞：「ありえない所」から車衝突	〜って聞いたら	ってきいたら	9	1	2:42:39.192	2:42:40.678	21:22:17	Y	100	完整	ってきいたら	どうしたのって聞いたらいや	Y
245	新聞：「ありえない所」から車衝突	〜って聞いたら	ってきいたら	9	2	2:42:54.288	2:42:56.128	21:22:32	Y	100	完整	ってきいたら	って聞いたら	Y
245	新聞：「ありえない所」から車衝突	〜って聞いたら	ってきいたら	9	3	2:43:31.704	2:43:32.654	21:23:09	Y	100	完整	ってきいたら	って聞いたらちょっと	Y
245	新聞：「ありえない所」から車衝突	〜って聞いたら	ってきいたら	9	4	2:44:28.632	2:44:29.522	21:24:06	Y	100	完整	ってきいたら	って聞いたら	Y
245	新聞：「ありえない所」から車衝突	〜って聞いたら	ってきいたら	9	5	2:44:36.888	2:44:37.678	21:24:14	Y	100	完整	ってきいたら	って聞いたらど	Y
245	新聞：「ありえない所」から車衝突	〜って聞いたら	ってきいたら	9	6	2:44:59.064	2:45:00.304	21:24:37	Y	100	完整	ってきいたら	どうしたのって聞いたらイヤ	Y
245	新聞：「ありえない所」から車衝突	〜って聞いたら	ってきいたら	9	7	2:45:14.520	2:45:16.230	21:24:52	Y	100	完整	ってきいたら	どうしたのって聞いたら	Y
245	新聞：「ありえない所」から車衝突	〜って聞いたら	ってきいたら	9	8	2:46:21.104	2:46:21.904	21:25:59	Y	100	完整	ってきいたら	って聞いたらどうしたの	Y
245	新聞：「ありえない所」から車衝突	〜って聞いたら	ってきいたら	9	9	2:46:34.488	2:46:36.710	21:26:12	Y	100	完整	ってきいたら	どうしたのって聞いたら	Y
246	新聞：「ありえない所」から車衝突	どうしたのって聞いたら、ブレーキを踏んだんだけど効かなかったとおじさんが言っていました。	どうしたのってきいたらぶれーきをふんだんだけどきかなかったとおじさんがいっていました	1	1	2:46:34.488	2:46:41.992	21:26:12	Y	91	缺頭	ってきいたらぶれーきをふんだんだけどきかなかったとおじいさんがいっていた		N
247	新聞：「ありえない所」から車衝突	ＡというＢ	という	7	1	2:26:16.496	2:26:16.816	21:05:54	Y	100	完整	という	なというふうに思って	N
247	新聞：「ありえない所」から車衝突	ＡというＢ	という	7	2	2:26:38.648	2:26:39.368	21:06:16	Y	100	完整	という	ぼう然というか何か	Y
247	新聞：「ありえない所」から車衝突	ＡというＢ	という	7	3	2:33:02.168	2:33:02.608	21:12:40	Y	100	完整	という	というふうに思って	N
247	新聞：「ありえない所」から車衝突	ＡというＢ	という	7	4	2:38:58.064	2:38:58.384	21:18:36	Y	100	完整	という	というふうに思って	N
247	新聞：「ありえない所」から車衝突	ＡというＢ	という	7	5	2:39:36.504	2:39:37.104	21:19:14	Y	100	完整	という	よっしゃという感じ	Y
247	新聞：「ありえない所」から車衝突	ＡというＢ	という	7	6	2:41:02.184	2:41:02.504	21:20:40	Y	100	完整	という	ぼう然というか	Y
247	新聞：「ありえない所」から車衝突	ＡというＢ	という	7	7	2:43:43.376	2:43:44.096	21:23:21	Y	100	完整	という	というようなこと	Y
248	新聞：「ありえない所」から車衝突	〜っていうようなこと	っていうようなこと	3	1	2:26:47.424	2:26:48.304	21:06:25	Y	100	完整	っていうようなこと	っていうようなことを言ってた	Y
248	新聞：「ありえない所」から車衝突	〜っていうようなこと	っていうようなこと	3	2	2:42:43.536	2:42:44.456	21:22:21	Y	100	完整	っていうようなこと	っていうようなことを言って	Y
248	新聞：「ありえない所」から車衝突	〜っていうようなこと	っていうようなこと	3	3	2:43:37.984	2:43:40.368	21:23:16	Y	89	完整	ったいうようなこと	っていうようなことっていう	N
249	新聞：「ありえない所」から車衝突	Ａさんという人	さんというひと	0							（音軌裡找不到）			
250	新聞：「ありえない所」から車衝突	ボールがピンを次々となぎ倒した。	ぼーるがぴんをつぎつぎとなぎたおした	1	1	2:49:33.651	2:49:36.486	21:29:11	Y	89	缺頭	るがぴんをつぎつぎとなぎたおした		N
251	新聞：「ありえない所」から車衝突	強風で木々がなぎ倒された。	きょうふうできぎがなぎたおされた	1	1	2:50:50.520	2:50:54.534	21:30:28	Y	100	完整	きょうふうできぎがなぎたおされた	強風で木々がなぎ倒された	Y
252	新聞：「ありえない所」から車衝突	クマが畑の作物をなぎ倒していった。	くまがはたけのさくもつをなぎたおしていった	1	1	2:51:36.968	2:51:40.368	21:31:15	Y	98	完整	くまがはたけのさくもつをなぎたおしていた	熊が畑の作物をなぎ倒していった	Y
253	新聞：「ありえない所」から車衝突	ブレーキを踏んだけど効かなかった。	ぶれーきをふんだけどきかなかった	2	1	2:42:41.016	2:42:43.336	21:22:19	Y	88	完整	ぶれーきふんだんだけどきかなかっ	いやブレーキ踏んだんだけど効かなかったって	N
253	新聞：「ありえない所」から車衝突	ブレーキを踏んだけど効かなかった。	ぶれーきをふんだけどきかなかった	2	2	2:45:18.152	2:45:19.992	21:24:56	Y	88	完整	れーきをふんだんだけどきかなかっ	ブレーキを踏んだんだけど利かなかったと	N
254	新聞：「ありえない所」から車衝突	急に左側に車が現れた。	きゅうにひだりがわにくるまがあらわれた	4	1	2:26:18.096	2:26:19.946	21:05:56	Y	95	完整	きゅうにひだりがわにくるまがあらわれ	ところ急に左側に車が現れたので	Y
254	新聞：「ありえない所」から車衝突	急に左側に車が現れた。	きゅうにひだりがわにくるまがあらわれた	4	2	2:34:29.912	2:34:32.032	21:14:07	Y	100	完整	きゅうにひだりがわにくるまがあらわれた	急に左側に車が現れたので	Y
254	新聞：「ありえない所」から車衝突	急に左側に車が現れた。	きゅうにひだりがわにくるまがあらわれた	4	3	2:38:41.112	2:38:43.112	21:18:19	Y	100	完整	きゅうにひだりがわにくるまがあらわれた	急に左側に車が現れたのでも	Y
254	新聞：「ありえない所」から車衝突	急に左側に車が現れた。	きゅうにひだりがわにくるまがあらわれた	4	4	2:38:48.344	2:38:50.464	21:18:26	Y	100	完整	きゅうにひだりがわにくるまがあらわれた	急に左側に車が現れたのでも	Y
255	新聞：「ありえない所」から車衝突	きっといい人が現れるから。	きっといいひとがあらわれるから	1	1	2:36:45.824	2:36:49.104	21:16:23	Y	89	缺頭	いいひとがあらわれるから		N
256	新聞：「ありえない所」から車衝突	どうしたのって聞いたら、わけわかんないみたいでした。	どうしたのってきいたらわけわかんないみたいでした	0							（音軌裡找不到）			
