no	section	text	kana	hits	occurrence	start	end	clock_start	in_section	score	coverage	asr_kana
1	上週複習	モバイルバッテリー	もばいるばってりー	0							（音軌裡找不到）
2	上週複習	充電器	じゅうでんき	2	1	0:16:19.368	0:16:19.768	18:55:57	Y	100	完整	じゅうでんき
2	上週複習	充電器	じゅうでんき	2	2	0:16:22.112	0:16:23.882	18:56:00	Y	100	完整	じゅうでんき
3	上週複習	充電アダプタ	じゅうでんあだぷた	0							（音軌裡找不到）
4	上週複習	充電ケーブル	じゅうでんけーぶる	1	1	0:16:07.104	0:16:08.244	18:55:45	Y	100	完整	じゅうでんけーぶる
5	上週複習	プラグ	ぷらぐ	0							（音軌裡找不到）
6	上週複習	スマホの充電器を貸していただけますか？	すまほのじゅうでんきをかしていただけますか	1	1	0:16:19.368	0:16:21.368	18:55:57	Y	89	缺頭	じゅうでんきをかしていただけますか
7	上週複習	充電器でもいい？爆速で充電できるよ。	じゅうでんきでもいいばくそくでじゅうでんできるよ	0							（音軌裡找不到）
8	上週複習	色が移る	いろがうつる	1	1	0:17:04.792	0:17:06.696	18:56:42	Y	100	完整	いろがうつる
9	上週複習	洗濯機からTシャツを出したら、服に色が移ってしまっていた。	せんたくきからてぃーしゃつをだしたらふくにいろがうつってしまっていた	1	1	0:17:52.352	0:17:57.798	18:57:30	Y	89	缺頭	きからてぃーしゃつをだしたらいろがうつってしまっていた
10	上週複習	色移り	いろうつり	4	1	0:17:07.168	0:17:09.168	18:56:45	Y	100	完整	いろうつり
10	上週複習	色移り	いろうつり	4	2	0:17:12.408	0:17:13.228	18:56:50	Y	100	完整	いろうつり
10	上週複習	色移り	いろうつり	4	3	0:17:13.720	0:17:29.580	18:56:51	Y	100	完整	いろうつり
10	上週複習	色移り	いろうつり	4	4	0:18:18.464	0:18:19.264	18:57:56	Y	100	完整	いろうつり
11	上週複習	洗濯機からTシャツを出したら、白いシャツに色移りしてしまっていた。	せんたくきからてぃーしゃつをだしたらしろいしゃつにいろうつりしてしまっていた	0							（音軌裡找不到）
12	上週複習	〜しか〜ない	しかない	2	1	0:18:43.496	0:18:44.086	18:58:21	Y	100	完整	しかない
12	上週複習	〜しか〜ない	しかない	2	2	0:19:24.040	0:19:24.840	18:59:02	Y	100	完整	しかない
13	上週複習	卵が1個しかない。	たまごがいっこしかない	1	1	0:18:41.976	0:18:44.086	18:58:20	Y	100	完整	たまごがいっこしかない
14	上週複習	卵が1つしかありません。	たまごがひとつしかありません	0							（音軌裡找不到）
15	上週複習	卵が1個しか残っていない。	たまごがいっこしかのこっていない	0							（音軌裡找不到）
16	上週複習	〜も〜ない	もない	0							（音軌裡找不到）
17	上週複習	卵が1個もない。	たまごがいっこもない	0							（音軌裡找不到）
18	上週複習	卵が1個も残っていない。	たまごがいっこものこっていない	0							（音軌裡找不到）
19	上週複習	階段を登る	かいだんをのぼる	0							（音軌裡找不到）
20	上週複習	山に登る	やまにのぼる	2	1	0:20:11.832	0:20:12.992	18:59:49	Y	100	完整	やまにのぼる
20	上週複習	山に登る	やまにのぼる	2	2	0:21:26.656	0:21:33.856	19:01:04	Y	100	完整	やまにのぼる
21	上週複習	山道を上る	やまみちをのぼる	1	1	0:21:10.312	0:21:11.272	19:00:48	Y	100	完整	やまみちをのぼる
22	せっかく行ったのにお店が休みだった	定休日	ていきゅうび	9	1	0:24:34.944	0:24:35.744	19:04:12	Y	100	完整	ていきゅうび
22	せっかく行ったのにお店が休みだった	定休日	ていきゅうび	9	2	0:26:31.536	0:26:32.236	19:06:09	Y	100	完整	ていきゅうび
22	せっかく行ったのにお店が休みだった	定休日	ていきゅうび	9	3	0:29:24.120	0:29:25.410	19:09:02	Y	100	完整	ていきゅうび
22	せっかく行ったのにお店が休みだった	定休日	ていきゅうび	9	4	0:32:09.176	0:32:10.096	19:11:47	Y	100	完整	ていきゅうび
22	せっかく行ったのにお店が休みだった	定休日	ていきゅうび	9	5	0:33:47.296	0:33:49.016	19:13:25	Y	100	完整	ていきゅうび
22	せっかく行ったのにお店が休みだった	定休日	ていきゅうび	9	6	0:33:56.240	0:33:56.720	19:13:34	Y	100	完整	ていきゅうび
22	せっかく行ったのにお店が休みだった	定休日	ていきゅうび	9	7	0:33:57.280	0:33:57.920	19:13:35	Y	100	完整	ていきゅうび
22	せっかく行ったのにお店が休みだった	定休日	ていきゅうび	9	8	0:34:30.392	0:34:31.392	19:14:08	Y	100	完整	ていきゅうび
22	せっかく行ったのにお店が休みだった	定休日	ていきゅうび	9	9	0:40:20.376	0:40:28.376	19:19:58	Y	100	完整	ていきゅうび
23	せっかく行ったのにお店が休みだった	営業時間	えいぎょうじかん	4	1	0:29:27.776	0:29:28.336	19:09:05	Y	100	完整	えいぎょうじかん
23	せっかく行ったのにお店が休みだった	営業時間	えいぎょうじかん	4	2	0:30:00.440	0:30:01.720	19:09:38	Y	100	完整	えいぎょうじかん
23	せっかく行ったのにお店が休みだった	営業時間	えいぎょうじかん	4	3	0:34:32.800	0:34:33.840	19:14:10	Y	100	完整	えいぎょうじかん
23	せっかく行ったのにお店が休みだった	営業時間	えいぎょうじかん	4	4	0:40:43.704	0:40:44.464	19:20:21	Y	100	完整	えいぎょうじかん
24	せっかく行ったのにお店が休みだった	閉まる	しまる	2	1	0:25:00.856	0:25:01.283	19:04:38	Y	100	完整	しまる
24	せっかく行ったのにお店が休みだった	閉まる	しまる	2	2	0:32:17.064	0:32:17.434	19:11:55	Y	100	完整	しまる
25	せっかく行ったのにお店が休みだった	閉まります	しまります	0							（音軌裡找不到）
26	せっかく行ったのにお店が休みだった	開く	あく	1	1	0:26:41.184	0:26:43.224	19:06:19	Y	100	完整	あく
27	せっかく行ったのにお店が休みだった	開きます	あきます	0							（音軌裡找不到）
28	せっかく行ったのにお店が休みだった	がっかりする	がっかりする	1	1	0:28:35.099	0:28:35.952	19:08:13	Y	100	完整	がっかりする
29	せっかく行ったのにお店が休みだった	事前に	じぜんに	7	1	0:29:27.096	0:29:27.776	19:09:05	Y	100	完整	じぜんに
29	せっかく行ったのにお店が休みだった	事前に	じぜんに	7	2	0:29:54.608	0:29:55.328	19:09:32	Y	100	完整	じぜんに
29	せっかく行ったのにお店が休みだった	事前に	じぜんに	7	3	0:38:56.504	0:38:57.904	19:18:34	Y	100	完整	じぜんに
29	せっかく行ったのにお店が休みだった	事前に	じぜんに	7	4	0:38:58.584	0:38:59.344	19:18:36	Y	100	完整	じぜんに
29	せっかく行ったのにお店が休みだった	事前に	じぜんに	7	5	0:41:06.720	0:41:08.720	19:20:44	Y	100	完整	じぜんに
29	せっかく行ったのにお店が休みだった	事前に	じぜんに	7	6	0:41:40.896	0:41:42.656	19:21:18	Y	100	完整	じぜんに
29	せっかく行ったのにお店が休みだった	事前に	じぜんに	7	7	0:41:45.024	0:41:47.114	19:21:23	Y	100	完整	じぜんに
30	せっかく行ったのにお店が休みだった	せっかく行ったのにお店が休みだった。	せっかくいったのにおみせがやすみだった	0							（音軌裡找不到）
31	せっかく行ったのにお店が休みだった	楽しみにしていたお店	たのしみにしていたおみせ	4	1	0:28:45.752	0:28:47.432	19:08:23	Y	100	完整	たのしみにしていたおみせ
31	せっかく行ったのにお店が休みだった	楽しみにしていたお店	たのしみにしていたおみせ	4	2	0:34:17.048	0:34:18.448	19:13:55	Y	100	完整	たのしみにしていたおみせ
31	せっかく行ったのにお店が休みだった	楽しみにしていたお店	たのしみにしていたおみせ	4	3	0:35:12.728	0:35:14.688	19:14:50	Y	100	完整	たのしみにしていたおみせ
31	せっかく行ったのにお店が休みだった	楽しみにしていたお店	たのしみにしていたおみせ	4	4	0:36:17.912	0:36:20.664	19:15:55	Y	100	完整	たのしみにしていたおみせ
32	せっかく行ったのにお店が休みだった	事前に営業時間を確認しておけばよかった。	じぜんにえいぎょうじかんをかくにんしておけばよかった	1	1	0:29:27.096	0:29:30.296	19:09:05	Y	100	完整	じぜんにえいぎょうじかんをかくにんしておけばよかった
33	せっかく行ったのにお店が休みだった	事前に買っておけばよかった。	じぜんにかっておけばよかった	1	1	0:41:40.896	0:41:44.386	19:21:18	Y	100	完整	じぜんにかっておけばよかった
34	せっかく行ったのにお店が休みだった	また別の日に来るしかない。	またべつのひにくるしかない	0							（音軌裡找不到）
35	せっかく行ったのにお店が休みだった	家族が帰ってくるまで待つしかない。	かぞくがかえってくるまでまつしかない	0							（音軌裡找不到）
36	せっかく行ったのにお店が休みだった	閉まっていた	しまっていた	1	1	0:34:05.440	0:34:07.743	19:13:43	Y	100	完整	しまっていた
37	せっかく行ったのにお店が休みだった	店が閉まっていた。	みせがしまっていた	3	1	0:32:37.416	0:32:38.441	19:12:15	Y	89	完整	みせがしまってい
37	せっかく行ったのにお店が休みだった	店が閉まっていた。	みせがしまっていた	3	2	0:32:56.880	0:32:58.535	19:12:34	Y	89	完整	みせがしまってい
37	せっかく行ったのにお店が休みだった	店が閉まっていた。	みせがしまっていた	3	3	0:34:43.864	0:34:45.694	19:14:21	Y	94	完整	みせがしまってた
38	せっかく行ったのにお店が休みだった	店が閉まってたんです。	みせがしまってたんです	1	1	0:34:43.864	0:34:46.204	19:14:21	Y	100	完整	みせがしまってたんです
39	せっかく行ったのにお店が休みだった	閉まっています	しまっています	1	1	0:32:37.776	0:32:38.751	19:12:15	Y	100	完整	しまっています
40	せっかく行ったのにお店が休みだった	店が閉まっています。	みせがしまっています	1	1	0:32:37.416	0:32:38.751	19:12:15	Y	100	完整	みせがしまっています
41	せっかく行ったのにお店が休みだった	開いていなかった	あいていなかった	1	1	0:34:51.712	0:34:54.672	19:14:29	Y	100	完整	あいていなかった
42	せっかく行ったのにお店が休みだった	店が開いていなかった。	みせがあいていなかった	0							（音軌裡找不到）
43	せっかく行ったのにお店が休みだった	今日は開いていませんでした。	きょうはあいていませんでした	0							（音軌裡找不到）
44	せっかく行ったのにお店が休みだった	定休日だった	ていきゅうびだった	5	1	0:33:47.296	0:33:49.376	19:13:25	Y	100	完整	ていきゅうびだった
44	せっかく行ったのにお店が休みだった	定休日だった	ていきゅうびだった	5	2	0:33:54.416	0:33:55.486	19:13:32	Y	100	完整	ていきゅうびだった
44	せっかく行ったのにお店が休みだった	定休日だった	ていきゅうびだった	5	3	0:33:56.240	0:33:57.280	19:13:34	Y	100	完整	ていきゅうびだった
44	せっかく行ったのにお店が休みだった	定休日だった	ていきゅうびだった	5	4	0:33:57.280	0:33:59.754	19:13:35	Y	89	完整	ていきゅうびたった
44	せっかく行ったのにお店が休みだった	定休日だった	ていきゅうびだった	5	5	0:34:30.392	0:34:31.792	19:14:08	Y	100	完整	ていきゅうびだった
45	せっかく行ったのにお店が休みだった	今日は定休日でした。	きょうはていきゅうびでした	0							（音軌裡找不到）
46	せっかく行ったのにお店が休みだった	楽しみにしていたお店に行きましたが、今日は休みでした。	たのしみにしていたおみせにいきましたがきょうはやすみでした	1	1	0:34:17.048	0:34:21.298	19:13:55	Y	93	完整	たのしみにしていたおみせにいきましたがやすみでした
47	せっかく行ったのにお店が休みだった	とてもがっかりしました。	とてもがっかりしました	2	1	0:28:29.752	0:28:31.642	19:08:07	Y	100	完整	とてもがっかりしました
47	せっかく行ったのにお店が休みだった	とてもがっかりしました。	とてもがっかりしました	2	2	0:28:32.472	0:28:34.312	19:08:10	Y	100	完整	とてもがっかりしました
48	せっかく行ったのにお店が休みだった	ずっと楽しみにして、わざわざここまで来たのに、今日は定休日だった。	ずっとたのしみにしてわざわざここまできたのにきょうはていきゅうびだった	0							（音軌裡找不到）
49	せっかく行ったのにお店が休みだった	楽しみにしていたお店に行きましたが、今日は開いていませんでした。	たのしみにしていたおみせにいきましたがきょうはあいていませんでした	0							（音軌裡找不到）
50	せっかく行ったのにお店が休みだった	楽しみにしていたのに。本当にがっかりしたわ。	たのしみにしていたのにほんとうにがっかりしたわ	1	1	0:35:27.416	0:35:33.499	19:15:05	Y	95	缺尾	たのしみにしていたのにほんとうにがっかりし
51	せっかく行ったのにお店が休みだった	貼り紙	はりがみ	1	1	0:40:03.400	0:40:03.920	19:19:41	Y	100	完整	はりがみ
52	せっかく行ったのにお店が休みだった	誠に勝手ながら、〜させていただきます。	まことにかってながらさせていただきます	0							（音軌裡找不到）
53	せっかく行ったのにお店が休みだった	事前に確認しておけばよかった。	じぜんにかくにんしておけばよかった	3	1	0:29:28.126	0:29:30.296	19:09:06	Y	88	完整	じかんをかくにんしておけばよかった
53	せっかく行ったのにお店が休みだった	事前に確認しておけばよかった。	じぜんにかくにんしておけばよかった	3	2	0:34:33.450	0:34:35.680	19:14:11	Y	88	完整	じかんをかくにんしておけばよかった
53	せっかく行ったのにお店が休みだった	事前に確認しておけばよかった。	じぜんにかくにんしておけばよかった	3	3	0:41:06.720	0:41:13.248	19:20:44	Y	100	完整	じぜんにかくにんしておけばよかった
54	スマホを落としてしまった	画面	がめん	10	1	0:42:30.280	0:42:30.600	19:22:08	Y	100	完整	がめん
54	スマホを落としてしまった	画面	がめん	10	2	0:42:35.480	0:42:36.530	19:22:13	Y	100	完整	がめん
54	スマホを落としてしまった	画面	がめん	10	3	0:42:46.536	0:42:46.976	19:22:24	Y	100	完整	がめん
54	スマホを落としてしまった	画面	がめん	10	4	0:43:17.856	0:43:18.336	19:22:55	Y	100	完整	がめん
54	スマホを落としてしまった	画面	がめん	10	5	0:43:59.976	0:44:00.576	19:23:38	Y	100	完整	がめん
54	スマホを落としてしまった	画面	がめん	10	6	0:44:18.400	0:44:18.640	19:23:56	Y	100	完整	がめん
54	スマホを落としてしまった	画面	がめん	10	7	0:44:55.872	0:44:58.232	19:24:33	Y	100	完整	がめん
54	スマホを落としてしまった	画面	がめん	10	8	0:47:48.736	0:47:54.376	19:27:26	Y	100	完整	がめん
54	スマホを落としてしまった	画面	がめん	10	9	0:48:13.880	0:48:14.360	19:27:51	Y	100	完整	がめん
54	スマホを落としてしまった	画面	がめん	10	10	0:50:21.224	0:50:21.624	19:29:59	Y	100	完整	がめん
55	スマホを落としてしまった	ひび	ひび	12	1	0:46:12.448	0:46:19.448	19:25:50	Y	100	完整	ひび
55	スマホを落としてしまった	ひび	ひび	12	2	0:48:11.576	0:48:12.336	19:27:49	Y	100	完整	ひび
55	スマホを落としてしまった	ひび	ひび	12	3	0:48:14.520	0:48:14.840	19:27:52	Y	100	完整	ひび
55	スマホを落としてしまった	ひび	ひび	12	4	0:48:59.904	0:49:01.232	19:28:37	Y	100	完整	ひび
55	スマホを落としてしまった	ひび	ひび	12	5	0:49:03.720	0:49:04.140	19:28:41	Y	100	完整	ひび
55	スマホを落としてしまった	ひび	ひび	12	6	0:49:17.944	0:49:18.484	19:28:55	Y	100	完整	ひび
55	スマホを落としてしまった	ひび	ひび	12	7	0:49:19.838	0:49:20.458	19:28:57	Y	100	完整	ひび
55	スマホを落としてしまった	ひび	ひび	12	8	0:52:50.776	0:52:51.496	19:32:28	Y	100	完整	ひび
55	スマホを落としてしまった	ひび	ひび	12	9	0:56:49.208	0:56:49.528	19:36:27	Y	100	完整	ひび
55	スマホを落としてしまった	ひび	ひび	12	10	0:57:03.520	0:57:04.173	19:36:41	Y	100	完整	ひび
55	スマホを落としてしまった	ひび	ひび	12	11	0:57:46.480	0:57:46.880	19:37:24	Y	100	完整	ひび
55	スマホを落としてしまった	ひび	ひび	12	12	0:57:54.720	0:57:55.040	19:37:32	Y	100	完整	ひび
56	スマホを落としてしまった	割れる	われる	4	1	0:43:02.528	0:43:03.598	19:22:40	Y	100	完整	われる
56	スマホを落としてしまった	割れる	われる	4	2	0:43:39.360	0:43:39.980	19:23:17	Y	100	完整	われる
56	スマホを落としてしまった	割れる	われる	4	3	0:49:01.232	0:49:01.822	19:28:39	Y	100	完整	われる
56	スマホを落としてしまった	割れる	われる	4	4	0:49:43.904	0:49:44.824	19:29:21	Y	100	完整	われる
57	スマホを落としてしまった	割れます	われます	0							（音軌裡找不到）
58	スマホを落としてしまった	割る	わる	1	1	0:43:36.320	0:43:36.820	19:23:14	Y	100	完整	わる
59	スマホを落としてしまった	割ります	わります	0							（音軌裡找不到）
60	スマホを落としてしまった	ひび割れる	ひびわれる	1	1	0:48:59.904	0:49:01.822	19:28:37	Y	100	完整	ひびわれる
61	スマホを落としてしまった	ひび割れます	ひびわれます	0							（音軌裡找不到）
62	スマホを落としてしまった	滑る	すべる	0							（音軌裡找不到）
63	スマホを落としてしまった	滑ります	すべります	6	1	0:54:30.144	0:54:35.244	19:34:08	Y	100	完整	すべります
63	スマホを落としてしまった	滑ります	すべります	6	2	0:54:35.624	0:54:36.484	19:34:13	Y	100	完整	すべります
63	スマホを落としてしまった	滑ります	すべります	6	3	0:54:36.864	0:54:37.894	19:34:14	Y	100	完整	すべります
63	スマホを落としてしまった	滑ります	すべります	6	4	0:55:34.232	0:55:35.072	19:35:12	Y	100	完整	すべります
63	スマホを落としてしまった	滑ります	すべります	6	5	0:55:35.392	0:55:36.447	19:35:13	Y	100	完整	すべります
63	スマホを落としてしまった	滑ります	すべります	6	6	0:55:45.784	0:55:46.964	19:35:23	Y	100	完整	すべります
64	スマホを落としてしまった	落とす	おとす	2	1	0:44:36.824	0:44:40.536	19:24:14	Y	100	完整	おとす
64	スマホを落としてしまった	落とす	おとす	2	2	0:44:50.168	0:44:50.628	19:24:28	Y	100	完整	おとす
65	スマホを落としてしまった	落とします	おとします	0							（音軌裡找不到）
66	スマホを落としてしまった	買い替える	かいかえる	2	1	0:46:41.000	0:46:41.790	19:26:19	Y	100	完整	かいかえる
66	スマホを落としてしまった	買い替える	かいかえる	2	2	0:47:02.600	0:47:03.590	19:26:40	Y	100	完整	かいかえる
67	スマホを落としてしまった	買い替えます	かいかえます	0							（音軌裡找不到）
68	スマホを落としてしまった	卵を割る	たまごをわる	1	1	0:43:33.440	0:43:36.820	19:23:11	Y	100	完整	たまごをわる
69	スマホを落としてしまった	卵が割れる	たまごがわれる	0							（音軌裡找不到）
70	スマホを落としてしまった	手が滑って	てがすべって	0							（音軌裡找不到）
71	スマホを落としてしまった	ショックです	しょっくです	3	1	0:45:05.152	0:45:08.932	19:24:43	Y	100	完整	しょっくです
71	スマホを落としてしまった	ショックです	しょっくです	3	2	0:47:46.624	0:47:47.184	19:27:24	Y	100	完整	しょっくです
71	スマホを落としてしまった	ショックです	しょっくです	3	3	0:52:06.584	0:52:07.784	19:31:44	Y	100	完整	しょっくです
72	スマホを落としてしまった	買い替えないといけないかもしれない。	かいかえないといけないかもしれない	3	1	0:47:08.032	0:47:12.732	19:26:46	Y	100	完整	かいかえないといけないかもしれない
72	スマホを落としてしまった	買い替えないといけないかもしれない。	かいかえないといけないかもしれない	3	2	0:48:16.872	0:48:19.312	19:27:54	Y	94	完整	いかえないといけないかもしれない
72	スマホを落としてしまった	買い替えないといけないかもしれない。	かいかえないといけないかもしれない	3	3	0:48:41.160	0:48:46.540	19:28:19	Y	94	完整	かいかえないといえないかもしれない
73	スマホを落としてしまった	操作もしにくい。	そうさもしにくい	2	1	0:46:23.128	0:46:25.128	19:26:01	Y	100	完整	そうさもしにくい
73	スマホを落としてしまった	操作もしにくい。	そうさもしにくい	2	2	0:48:15.840	0:48:17.040	19:27:53	Y	100	完整	そうさもしにくい
74	スマホを落としてしまった	スマホを落としてしまいました。	すまほをおとしてしまいました	3	1	0:42:15.288	0:42:18.948	19:21:53	Y	91	完整	すまほをおとしてしまった
74	スマホを落としてしまった	スマホを落としてしまいました。	すまほをおとしてしまいました	3	2	0:47:40.792	0:47:42.802	19:27:18	Y	100	完整	すまほをおとしてしまいました
74	スマホを落としてしまった	スマホを落としてしまいました。	すまほをおとしてしまいました	3	3	0:52:00.184	0:52:03.270	19:31:38	Y	100	完整	すまほをおとしてしまいました
75	スマホを落としてしまった	画面が割れてしまいました。	がめんがわれてしまいました	3	1	0:44:55.872	0:45:01.638	19:24:33	Y	100	完整	がめんがわれてしまいました
75	スマホを落としてしまった	画面が割れてしまいました。	がめんがわれてしまいました	3	2	0:47:48.736	0:48:00.646	19:27:26	Y	100	完整	がめんがわれてしまいました
75	スマホを落としてしまった	画面が割れてしまいました。	がめんがわれてしまいました	3	3	0:50:21.224	0:50:24.294	19:29:59	Y	100	完整	がめんがわれてしまいました
76	スマホを落としてしまった	とてもショックです。	とてもしょっくです	2	1	0:47:46.264	0:47:47.184	19:27:24	Y	100	完整	とてもしょっくです
76	スマホを落としてしまった	とてもショックです。	とてもしょっくです	2	2	0:52:04.184	0:52:07.784	19:31:42	Y	100	完整	とてもしょっくです
77	スマホを落としてしまった	ほんの少し手が滑って、スマホを落としてしまった。	ほんのすこしてがすべってすまほをおとしてしまった	2	1	0:48:07.000	0:48:10.948	19:27:45	Y	86	完整	ほんのすこしすまほをおとしてしまった
77	スマホを落としてしまった	ほんの少し手が滑って、スマホを落としてしまった。	ほんのすこしてがすべってすまほをおとしてしまった	2	2	0:52:36.033	0:52:42.483	19:32:14	Y	87	完整	んすこしてをすべってすまほをおとしてしまっ
78	スマホを落としてしまった	画面がひび割れてしまって、操作もしにくい。	がめんがひびわれてしまってそうさもしにくい	1	1	0:48:13.880	0:48:17.040	19:27:51	Y	100	完整	がめんがひびわれてしまってそうさもしにくい
79	スマホを落としてしまった	足元	あしもと	9	1	0:53:57.656	0:53:58.096	19:33:35	Y	100	完整	あしもと
79	スマホを落としてしまった	足元	あしもと	9	2	0:53:59.304	0:53:59.544	19:33:37	Y	100	完整	あしもと
79	スマホを落としてしまった	足元	あしもと	9	3	0:54:01.368	0:54:03.928	19:33:39	Y	100	完整	あしもと
79	スマホを落としてしまった	足元	あしもと	9	4	0:54:38.776	0:54:39.456	19:34:16	Y	100	完整	あしもと
79	スマホを落としてしまった	足元	あしもと	9	5	0:55:05.016	0:55:06.446	19:34:43	Y	100	完整	あしもと
79	スマホを落としてしまった	足元	あしもと	9	6	0:55:09.560	0:55:10.840	19:34:47	Y	100	完整	あしもと
79	スマホを落としてしまった	足元	あしもと	9	7	0:55:17.312	0:55:21.152	19:34:55	Y	100	完整	あしもと
79	スマホを落としてしまった	足元	あしもと	9	8	0:55:47.344	0:55:47.784	19:35:25	Y	100	完整	あしもと
79	スマホを落としてしまった	足元	あしもと	9	9	0:55:56.888	0:55:57.288	19:35:34	Y	100	完整	あしもと
80	スマホを落としてしまった	滑りますので、足元に気をつけてください。	すべりますのであしもとにきをつけてください	2	1	0:54:36.864	0:54:44.644	19:34:14	Y	90	完整	すべりますのであしもとにつけてください
80	スマホを落としてしまった	滑りますので、足元に気をつけてください。	すべりますのであしもとにきをつけてください	2	2	0:55:45.784	0:55:52.204	19:35:23	Y	100	完整	すべりますのであしもとにきをつけてください
81	スマホを落としてしまった	滑りますので、足元にご注意ください。	すべりますのであしもとにごちゅういください	1	1	0:55:55.928	0:55:58.360	19:35:33	Y	90	完整	すべりやすいのであしもとにごちゅういくださ
82	スマホを落としてしまった	ひびが入る	ひびがはいる	0							（音軌裡找不到）
83	スマホを落としてしまった	壁にひびが入っていますか？	かべにひびがはいっていますか	3	1	0:56:48.728	0:56:51.068	19:36:26	Y	89	完整	かべにひびがいっっています
83	スマホを落としてしまった	壁にひびが入っていますか？	かべにひびがはいっていますか	3	2	0:57:45.880	0:57:48.590	19:37:23	Y	93	完整	かべにひびがいっっていますか
83	スマホを落としてしまった	壁にひびが入っていますか？	かべにひびがはいっていますか	3	3	0:57:53.880	0:57:56.780	19:37:31	Y	89	完整	かべにひびがはえていますか
84	スマホを落としてしまった	昨日地震だったんですよね。	きのうじしんだったんですよね	1	1	0:57:00.984	0:57:03.044	19:36:39	Y	100	完整	きのうじしんだったんですよね
85	ネットで靴を買ったら…	ネット	ねっと	23	1	0:59:18.976	0:59:21.226	19:38:57	Y	100	完整	ねっと
85	ネットで靴を買ったら…	ネット	ねっと	23	2	0:59:24.320	0:59:25.220	19:39:02	Y	100	完整	ねっと
85	ネットで靴を買ったら…	ネット	ねっと	23	3	0:59:26.456	0:59:27.296	19:39:04	Y	100	完整	ねっと
85	ネットで靴を買ったら…	ネット	ねっと	23	4	0:59:29.216	0:59:30.496	19:39:07	Y	100	完整	ねっと
85	ネットで靴を買ったら…	ネット	ねっと	23	5	0:59:43.328	0:59:46.248	19:39:21	Y	100	完整	ねっと
85	ネットで靴を買ったら…	ネット	ねっと	23	6	0:59:48.768	0:59:49.368	19:39:26	Y	100	完整	ねっと
85	ネットで靴を買ったら…	ネット	ねっと	23	7	0:59:49.912	0:59:50.492	19:39:27	Y	100	完整	ねっと
85	ネットで靴を買ったら…	ネット	ねっと	23	8	1:00:04.232	1:00:04.832	19:39:42	Y	100	完整	ねっと
85	ネットで靴を買ったら…	ネット	ねっと	23	9	1:00:07.024	1:00:07.484	19:39:45	Y	100	完整	ねっと
85	ネットで靴を買ったら…	ネット	ねっと	23	10	1:00:53.680	1:00:54.000	19:40:31	Y	100	完整	ねっと
85	ネットで靴を買ったら…	ネット	ねっと	23	11	1:00:55.168	1:00:57.488	19:40:33	Y	100	完整	ねっと
85	ネットで靴を買ったら…	ネット	ねっと	23	12	1:01:06.424	1:01:07.184	19:40:44	Y	100	完整	ねっと
85	ネットで靴を買ったら…	ネット	ねっと	23	13	1:01:16.128	1:01:16.808	19:40:54	Y	100	完整	ねっと
85	ネットで靴を買ったら…	ネット	ねっと	23	14	1:02:52.672	1:02:53.852	19:42:30	Y	100	完整	ねっと
85	ネットで靴を買ったら…	ネット	ねっと	23	15	1:03:03.216	1:03:03.826	19:42:41	Y	100	完整	ねっと
85	ネットで靴を買ったら…	ネット	ねっと	23	16	1:04:36.651	1:04:37.050	19:44:14	Y	100	完整	ねっと
85	ネットで靴を買ったら…	ネット	ねっと	23	17	1:10:39.288	1:10:39.688	19:50:17	Y	100	完整	ねっと
85	ネットで靴を買ったら…	ネット	ねっと	23	18	1:11:02.720	1:11:03.080	19:50:40	Y	100	完整	ねっと
85	ネットで靴を買ったら…	ネット	ねっと	23	19	1:12:01.440	1:12:04.920	19:51:39	Y	100	完整	ねっと
85	ネットで靴を買ったら…	ネット	ねっと	23	20	1:13:37.880	1:13:38.280	19:53:15	Y	100	完整	ねっと
86	ネットで靴を買ったら…	サイズ	さいず	11	1	1:03:19.744	1:03:22.514	19:42:57	Y	100	完整	さいず
86	ネットで靴を買ったら…	サイズ	さいず	11	2	1:05:21.200	1:05:21.480	19:44:59	Y	100	完整	さいず
86	ネットで靴を買ったら…	サイズ	さいず	11	3	1:06:22.600	1:06:23.280	19:46:00	Y	100	完整	さいず
86	ネットで靴を買ったら…	サイズ	さいず	11	4	1:06:35.824	1:06:36.264	19:46:13	Y	100	完整	さいず
86	ネットで靴を買ったら…	サイズ	さいず	11	5	1:11:47.640	1:11:48.560	19:51:25	Y	100	完整	さいず
86	ネットで靴を買ったら…	サイズ	さいず	11	6	1:12:34.464	1:12:36.304	19:52:12	Y	100	完整	さいず
86	ネットで靴を買ったら…	サイズ	さいず	11	7	1:19:01.760	1:19:02.960	19:58:39	Y	100	完整	さいず
86	ネットで靴を買ったら…	サイズ	さいず	11	8	1:32:09.400	1:32:11.030	20:11:47	Y	100	完整	さいず
86	ネットで靴を買ったら…	サイズ	さいず	11	9	1:32:20.248	1:32:20.808	20:11:58	Y	100	完整	さいず
86	ネットで靴を買ったら…	サイズ	さいず	11	10	1:46:40.440	1:46:43.520	20:26:18	Y	100	完整	さいず
86	ネットで靴を買ったら…	サイズ	さいず	11	11	1:46:44.240	1:46:44.720	20:26:22	Y	100	完整	さいず
87	ネットで靴を買ったら…	スニーカー	すにーかー	3	1	1:07:07.680	1:07:09.640	19:46:45	Y	100	完整	すにーかー
87	ネットで靴を買ったら…	スニーカー	すにーかー	3	2	1:35:19.784	1:35:20.774	20:14:57	Y	100	完整	すにーかー
87	ネットで靴を買ったら…	スニーカー	すにーかー	3	3	1:35:31.488	1:35:32.048	20:15:09	Y	100	完整	すにーかー
88	ネットで靴を買ったら…	返品	へんぴん	10	1	1:39:10.144	1:39:13.424	20:18:48	Y	100	完整	へんぴん
88	ネットで靴を買ったら…	返品	へんぴん	10	2	1:39:50.432	1:39:54.172	20:19:28	Y	100	完整	へんぴん
88	ネットで靴を買ったら…	返品	へんぴん	10	3	1:40:04.120	1:40:04.760	20:19:42	Y	100	完整	へんぴん
88	ネットで靴を買ったら…	返品	へんぴん	10	4	1:43:22.080	1:43:23.160	20:23:00	Y	100	完整	へんぴん
88	ネットで靴を買ったら…	返品	へんぴん	10	5	1:45:13.256	1:45:13.656	20:24:51	Y	100	完整	へんぴん
88	ネットで靴を買ったら…	返品	へんぴん	10	6	1:48:08.248	1:48:11.688	20:27:46	Y	100	完整	へんぴん
88	ネットで靴を買ったら…	返品	へんぴん	10	7	1:48:15.648	1:48:24.408	20:27:53	Y	100	完整	へんぴん
88	ネットで靴を買ったら…	返品	へんぴん	10	8	1:48:53.000	1:48:53.760	20:28:31	Y	100	完整	へんぴん
88	ネットで靴を買ったら…	返品	へんぴん	10	9	1:50:24.248	1:50:24.888	20:30:02	Y	100	完整	へんぴん
88	ネットで靴を買ったら…	返品	へんぴん	10	10	1:50:33.496	1:50:34.576	20:30:11	Y	100	完整	へんぴん
89	ネットで靴を買ったら…	交換	こうかん	25	1	1:07:46.848	1:07:48.568	19:47:24	Y	100	完整	こうかん
89	ネットで靴を買ったら…	交換	こうかん	25	2	1:08:10.168	1:08:10.648	19:47:48	Y	100	完整	こうかん
89	ネットで靴を買ったら…	交換	こうかん	25	3	1:08:15.992	1:08:16.592	19:47:54	Y	100	完整	こうかん
89	ネットで靴を買ったら…	交換	こうかん	25	4	1:09:28.032	1:09:28.392	19:49:06	Y	100	完整	こうかん
89	ネットで靴を買ったら…	交換	こうかん	25	5	1:09:41.232	1:09:41.712	19:49:19	Y	100	完整	こうかん
89	ネットで靴を買ったら…	交換	こうかん	25	6	1:09:51.160	1:09:51.640	19:49:29	Y	100	完整	こうかん
89	ネットで靴を買ったら…	交換	こうかん	25	7	1:10:22.856	1:10:23.336	19:50:00	Y	100	完整	こうかん
89	ネットで靴を買ったら…	交換	こうかん	25	8	1:10:51.936	1:10:52.296	19:50:29	Y	100	完整	こうかん
89	ネットで靴を買ったら…	交換	こうかん	25	9	1:11:53.248	1:11:53.648	19:51:31	Y	100	完整	こうかん
89	ネットで靴を買ったら…	交換	こうかん	25	10	1:13:31.536	1:13:31.936	19:53:09	Y	100	完整	こうかん
89	ネットで靴を買ったら…	交換	こうかん	25	11	1:14:14.256	1:14:14.736	19:53:52	Y	100	完整	こうかん
89	ネットで靴を買ったら…	交換	こうかん	25	12	1:15:10.688	1:15:11.088	19:54:48	Y	100	完整	こうかん
89	ネットで靴を買ったら…	交換	こうかん	25	13	1:18:24.240	1:18:24.600	19:58:02	Y	100	完整	こうかん
89	ネットで靴を買ったら…	交換	こうかん	25	14	1:19:15.360	1:19:16.240	19:58:53	Y	100	完整	こうかん
89	ネットで靴を買ったら…	交換	こうかん	25	15	1:26:08.504	1:26:09.344	20:05:46	Y	100	完整	こうかん
89	ネットで靴を買ったら…	交換	こうかん	25	16	1:26:33.664	1:26:34.544	20:06:11	Y	100	完整	こうかん
89	ネットで靴を買ったら…	交換	こうかん	25	17	1:29:15.168	1:29:17.528	20:08:53	Y	100	完整	こうかん
89	ネットで靴を買ったら…	交換	こうかん	25	18	1:39:14.968	1:39:15.768	20:18:53	Y	100	完整	こうかん
89	ネットで靴を買ったら…	交換	こうかん	25	19	1:40:05.840	1:40:06.200	20:19:43	Y	100	完整	こうかん
89	ネットで靴を買ったら…	交換	こうかん	25	20	1:45:14.336	1:45:14.736	20:24:52	Y	100	完整	こうかん
90	ネットで靴を買ったら…	ルイーサ	るいーさ	1	1	1:02:39.640	1:02:40.088	19:42:17	Y	100	完整	るいーさ
91	ネットで靴を買ったら…	届く	とどく	0							（音軌裡找不到）
92	ネットで靴を買ったら…	届きます	とどきます	0							（音軌裡找不到）
93	ネットで靴を買ったら…	届ける	とどける	1	1	0:59:01.536	0:59:02.766	19:38:39	Y	100	完整	とどける
94	ネットで靴を買ったら…	届けます	とどけます	0							（音軌裡找不到）
95	ネットで靴を買ったら…	気づく	きづく	3	1	1:03:55.336	1:03:55.916	19:43:33	Y	100	完整	きづく
95	ネットで靴を買ったら…	気づく	きづく	3	2	1:04:26.624	1:04:30.634	19:44:04	Y	100	完整	きづく
95	ネットで靴を買ったら…	気づく	きづく	3	3	1:04:50.120	1:04:50.520	19:44:28	Y	100	完整	きづく
96	ネットで靴を買ったら…	気づきます	きづきます	0							（音軌裡找不到）
97	ネットで靴を買ったら…	問い合わせる	といあわせる	4	1	1:37:53.280	1:37:56.990	20:17:31	Y	100	完整	といあわせる
97	ネットで靴を買ったら…	問い合わせる	といあわせる	4	2	1:38:03.424	1:38:05.894	20:17:41	Y	100	完整	といあわせる
97	ネットで靴を買ったら…	問い合わせる	といあわせる	4	3	1:38:08.672	1:38:12.902	20:17:46	Y	100	完整	といあわせる
97	ネットで靴を買ったら…	問い合わせる	といあわせる	4	4	1:40:15.176	1:40:16.216	20:19:53	Y	100	完整	といあわせる
98	ネットで靴を買ったら…	問い合わせます	といあわせます	0							（音軌裡找不到）
99	ネットで靴を買ったら…	ようやく	ようやく	6	1	1:40:43.376	1:40:44.048	20:20:21	Y	100	完整	ようやく
99	ネットで靴を買ったら…	ようやく	ようやく	6	2	1:41:00.978	1:41:07.316	20:20:39	Y	100	完整	ようやく
99	ネットで靴を買ったら…	ようやく	ようやく	6	3	1:41:32.328	1:41:32.888	20:21:10	Y	100	完整	ようやく
99	ネットで靴を買ったら…	ようやく	ようやく	6	4	1:41:35.800	1:41:47.600	20:21:13	Y	100	完整	ようやく
99	ネットで靴を買ったら…	ようやく	ようやく	6	5	1:41:48.747	1:41:49.440	20:21:26	Y	100	完整	ようやく
99	ネットで靴を買ったら…	ようやく	ようやく	6	6	1:45:51.232	1:45:52.160	20:25:29	Y	100	完整	ようやく
100	ネットで靴を買ったら…	さすがに	さすがに	8	1	1:42:22.872	1:42:23.392	20:22:00	Y	100	完整	さすがに
100	ネットで靴を買ったら…	さすがに	さすがに	8	2	1:42:50.456	1:42:50.956	20:22:28	Y	100	完整	さすがに
100	ネットで靴を買ったら…	さすがに	さすがに	8	3	1:42:58.816	1:42:59.552	20:22:36	Y	100	完整	さすがに
100	ネットで靴を買ったら…	さすがに	さすがに	8	4	1:45:00.824	1:45:01.944	20:24:38	Y	100	完整	さすがに
100	ネットで靴を買ったら…	さすがに	さすがに	8	5	1:45:09.432	1:45:11.112	20:24:47	Y	100	完整	さすがに
100	ネットで靴を買ったら…	さすがに	さすがに	8	6	1:47:17.688	1:47:18.288	20:26:55	Y	100	完整	さすがに
100	ネットで靴を買ったら…	さすがに	さすがに	8	7	1:48:05.863	1:48:06.427	20:27:43	Y	100	完整	さすがに
100	ネットで靴を買ったら…	さすがに	さすがに	8	8	1:50:18.840	1:50:20.700	20:29:56	Y	100	完整	さすがに
101	ネットで靴を買ったら…	とりあえず	とりあえず	14	1	1:37:22.840	1:37:23.834	20:17:00	Y	100	完整	とりあえず
101	ネットで靴を買ったら…	とりあえず	とりあえず	14	2	1:37:28.088	1:37:33.838	20:17:06	Y	100	完整	とりあえず
101	ネットで靴を買ったら…	とりあえず	とりあえず	14	3	1:38:26.200	1:38:27.467	20:18:04	Y	100	完整	とりあえず
101	ネットで靴を買ったら…	とりあえず	とりあえず	14	4	1:38:43.921	1:38:44.942	20:18:21	Y	100	完整	とりあえず
101	ネットで靴を買ったら…	とりあえず	とりあえず	14	5	1:40:16.920	1:40:18.587	20:19:54	Y	100	完整	とりあえず
101	ネットで靴を買ったら…	とりあえず	とりあえず	14	6	1:40:25.312	1:40:26.932	20:20:03	Y	100	完整	とりあえず
101	ネットで靴を買ったら…	とりあえず	とりあえず	14	7	1:40:30.016	1:40:31.416	20:20:08	Y	100	完整	とりあえず
101	ネットで靴を買ったら…	とりあえず	とりあえず	14	8	1:43:29.592	1:43:30.222	20:23:07	Y	100	完整	とりあえず
101	ネットで靴を買ったら…	とりあえず	とりあえず	14	9	1:44:35.576	1:44:36.536	20:24:13	Y	100	完整	とりあえず
101	ネットで靴を買ったら…	とりあえず	とりあえず	14	10	1:45:15.736	1:45:16.569	20:24:53	Y	100	完整	とりあえず
101	ネットで靴を買ったら…	とりあえず	とりあえず	14	11	1:45:27.992	1:45:28.792	20:25:06	Y	100	完整	とりあえず
101	ネットで靴を買ったら…	とりあえず	とりあえず	14	12	1:47:36.794	1:47:37.612	20:27:14	Y	100	完整	とりあえず
101	ネットで靴を買ったら…	とりあえず	とりあえず	14	13	1:48:59.256	1:49:01.876	20:28:37	Y	100	完整	とりあえず
101	ネットで靴を買ったら…	とりあえず	とりあえず	14	14	1:50:28.824	1:50:29.624	20:30:06	Y	100	完整	とりあえず
102	ネットで靴を買ったら…	〜ことに気づく	ことにきづく	0							（音軌裡找不到）
103	ネットで靴を買ったら…	サイズを間違えて注文したことに気づいた。	さいずをまちがえてちゅうもんしたことにきづいた	1	1	1:05:21.200	1:05:24.200	19:44:59	Y	91	完整	さいずをまちがえてちゅうもんしたのにきづいた
104	ネットで靴を買ったら…	サイズを間違えて注文したのに気づいた。	さいずをまちがえてちゅうもんしたのにきづいた	1	1	1:05:21.200	1:05:24.200	19:44:59	Y	100	完整	さいずをまちがえてちゅうもんしたのにきづいた
105	ネットで靴を買ったら…	〜と気づく	ときづく	0							（音軌裡找不到）
106	ネットで靴を買ったら…	注文したと気づいた。	ちゅうもんしたときづいた	1	1	1:07:19.712	1:07:21.392	19:46:57	Y	92	完整	ちゅうもんしたあときづい
107	ネットで靴を買ったら…	ハルキさんが隣に立っていると気づいた。	はるきさんがとなりにたっているときづいた	0							（音軌裡找不到）
108	ネットで靴を買ったら…	履いてみたら、サイズが大きすぎました。	はいてみたらさいずがおおきすぎました	1	1	1:32:00.504	1:32:07.700	20:11:38	Y	88	完整	はいてみたらえがおおきすぎました
109	ネットで靴を買ったら…	履いてみたところ、サイズが大きすぎました。	はいてみたところさいずがおおきすぎました	0							（音軌裡找不到）
110	ネットで靴を買ったら…	大きすぎる	おおきすぎる	9	1	1:06:36.424	1:06:37.194	19:46:14	Y	100	完整	おおきすぎる
110	ネットで靴を買ったら…	大きすぎる	おおきすぎる	9	2	1:09:17.080	1:09:18.600	19:48:55	Y	100	完整	おおきすぎる
110	ネットで靴を買ったら…	大きすぎる	おおきすぎる	9	3	1:19:26.872	1:19:27.632	19:59:04	Y	100	完整	おおきすぎる
110	ネットで靴を買ったら…	大きすぎる	おおきすぎる	9	4	1:19:31.224	1:19:32.944	19:59:09	Y	100	完整	おおきすぎる
110	ネットで靴を買ったら…	大きすぎる	おおきすぎる	9	5	1:45:02.264	1:45:03.041	20:24:40	Y	100	完整	おおきすぎる
110	ネットで靴を買ったら…	大きすぎる	おおきすぎる	9	6	1:45:04.248	1:45:05.644	20:24:42	Y	100	完整	おおきすぎる
110	ネットで靴を買ったら…	大きすぎる	おおきすぎる	9	7	1:45:11.112	1:45:11.864	20:24:49	Y	100	完整	おおきすぎる
110	ネットで靴を買ったら…	大きすぎる	おおきすぎる	9	8	1:45:23.392	1:45:24.116	20:25:01	Y	100	完整	おおきすぎる
110	ネットで靴を買ったら…	大きすぎる	おおきすぎる	9	9	1:48:47.864	1:48:48.776	20:28:25	Y	100	完整	おおきすぎる
111	ネットで靴を買ったら…	小さすぎる	ちいさすぎる	0							（音軌裡找不到）
112	ネットで靴を買ったら…	お店に連絡して、交換できるか聞いてみようと思います。	おみせにれんらくしてこうかんできるかきいてみようとおもいます	6	1	1:09:26.872	1:09:33.112	19:49:04	Y	100	完整	おみせにれんらくしてこうかんできるかきいてみようとおもいます
112	ネットで靴を買ったら…	お店に連絡して、交換できるか聞いてみようと思います。	おみせにれんらくしてこうかんできるかきいてみようとおもいます	6	2	1:14:12.536	1:14:19.342	19:53:50	Y	91	完整	おみせにれんらくしてこうかんできるかいておもいます
112	ネットで靴を買ったら…	お店に連絡して、交換できるか聞いてみようと思います。	おみせにれんらくしてこうかんできるかきいてみようとおもいます	6	3	1:15:57.016	1:16:02.884	19:55:35	Y	90	完整	おみせにれんらくしてできるかきいてみようとおもっています
112	ネットで靴を買ったら…	お店に連絡して、交換できるか聞いてみようと思います。	おみせにれんらくしてこうかんできるかきいてみようとおもいます	6	4	1:19:11.768	1:19:19.592	19:58:49	Y	85	完整	おみせにれんらくしてこうかんできるあとおもいます
112	ネットで靴を買ったら…	お店に連絡して、交換できるか聞いてみようと思います。	おみせにれんらくしてこうかんできるかきいてみようとおもいます	6	5	1:29:57.656	1:30:09.832	20:09:35	Y	86	完整	みせにれんらくしてできるのかきいてみようおもいいます
112	ネットで靴を買ったら…	お店に連絡して、交換できるか聞いてみようと思います。	おみせにれんらくしてこうかんできるかきいてみようとおもいます	6	6	1:45:35.736	1:45:43.546	20:25:13	Y	100	完整	おみせにれんらくしてこうかんできるかきいてみようとおもいます
113	ネットで靴を買ったら…	履けないこともないけど	はけないこともないけど	8	1	1:36:26.232	1:36:28.472	20:16:04	Y	100	完整	はけないこともないけど
113	ネットで靴を買ったら…	履けないこともないけど	はけないこともないけど	8	2	1:36:28.472	1:36:30.212	20:16:06	Y	100	完整	はけないこともないけど
113	ネットで靴を買ったら…	履けないこともないけど	はけないこともないけど	8	3	1:44:54.392	1:44:59.242	20:24:32	Y	100	完整	はけないこともないけど
113	ネットで靴を買ったら…	履けないこともないけど	はけないこともないけど	8	4	1:47:09.312	1:47:11.502	20:26:47	Y	91	完整	けないこともないけど
113	ネットで靴を買ったら…	履けないこともないけど	はけないこともないけど	8	5	1:47:49.400	1:48:00.520	20:27:27	Y	100	完整	はけないこともないけど
113	ネットで靴を買ったら…	履けないこともないけど	はけないこともないけど	8	6	1:48:04.499	1:48:05.863	20:27:42	Y	91	完整	けないこともないけど
113	ネットで靴を買ったら…	履けないこともないけど	はけないこともないけど	8	7	1:49:26.648	1:49:30.738	20:29:04	Y	100	完整	はけないこともないけど
113	ネットで靴を買ったら…	履けないこともないけど	はけないこともないけど	8	8	1:49:58.872	1:50:03.472	20:29:36	Y	100	完整	はけないこともないけど
114	ネットで靴を買ったら…	さすがにこれでは歩きにくい。	さすがにこれではあるきにくい	5	1	1:42:22.872	1:42:24.782	20:22:00	Y	100	完整	さすがにこれではあるきにくい
114	ネットで靴を買ったら…	さすがにこれでは歩きにくい。	さすがにこれではあるきにくい	5	2	1:42:50.456	1:42:52.676	20:22:28	Y	100	完整	さすがにこれではあるきにくい
114	ネットで靴を買ったら…	さすがにこれでは歩きにくい。	さすがにこれではあるきにくい	5	3	1:42:58.816	1:43:01.138	20:22:36	Y	100	完整	さすがにこれではあるきにくい
114	ネットで靴を買ったら…	さすがにこれでは歩きにくい。	さすがにこれではあるきにくい	5	4	1:48:05.863	1:48:08.006	20:27:43	Y	100	完整	さすがにこれではあるきにくい
114	ネットで靴を買ったら…	さすがにこれでは歩きにくい。	さすがにこれではあるきにくい	5	5	1:50:18.840	1:50:23.790	20:29:56	Y	100	完整	さすがにこれではあるきにくい
115	ネットで靴を買ったら…	〜にしても	にしても	23	1	1:36:57.496	1:36:58.266	20:16:35	Y	100	完整	にしても
115	ネットで靴を買ったら…	〜にしても	にしても	23	2	1:37:00.288	1:37:01.138	20:16:38	Y	100	完整	にしても
115	ネットで靴を買ったら…	〜にしても	にしても	23	3	1:37:18.612	1:37:21.232	20:16:56	Y	100	完整	にしても
115	ネットで靴を買ったら…	〜にしても	にしても	23	4	1:39:16.168	1:39:16.968	20:18:54	Y	100	完整	にしても
115	ネットで靴を買ったら…	〜にしても	にしても	23	5	1:39:39.908	1:39:40.828	20:19:17	Y	100	完整	にしても
115	ネットで靴を買ったら…	〜にしても	にしても	23	6	1:39:40.828	1:39:41.748	20:19:18	Y	100	完整	にしても
115	ネットで靴を買ったら…	〜にしても	にしても	23	7	1:40:05.120	1:40:05.840	20:19:43	Y	100	完整	にしても
115	ネットで靴を買ったら…	〜にしても	にしても	23	8	1:40:06.560	1:40:07.280	20:19:44	Y	100	完整	にしても
115	ネットで靴を買ったら…	〜にしても	にしても	23	9	1:43:23.657	1:43:24.650	20:23:01	Y	100	完整	にしても
115	ネットで靴を買ったら…	〜にしても	にしても	23	10	1:43:26.622	1:43:27.402	20:23:04	Y	100	完整	にしても
115	ネットで靴を買ったら…	〜にしても	にしても	23	11	1:43:27.992	1:43:29.052	20:23:06	Y	100	完整	にしても
115	ネットで靴を買ったら…	〜にしても	にしても	23	12	1:45:13.883	1:45:14.336	20:24:51	Y	100	完整	にしても
115	ネットで靴を買ったら…	〜にしても	にしても	23	13	1:45:15.069	1:45:15.736	20:24:53	Y	100	完整	にしても
115	ネットで靴を買ったら…	〜にしても	にしても	23	14	1:45:27.352	1:45:27.992	20:25:05	Y	100	完整	にしても
115	ネットで靴を買ったら…	〜にしても	にしても	23	15	1:48:12.075	1:48:12.848	20:27:50	Y	100	完整	にしても
115	ネットで靴を買ったら…	〜にしても	にしても	23	16	1:48:13.688	1:48:14.568	20:27:51	Y	100	完整	にしても
115	ネットで靴を買ったら…	〜にしても	にしても	23	17	1:48:24.821	1:48:25.648	20:28:02	Y	100	完整	にしても
115	ネットで靴を買ったら…	〜にしても	にしても	23	18	1:48:26.805	1:48:28.318	20:28:04	Y	100	完整	にしても
115	ネットで靴を買ったら…	〜にしても	にしても	23	19	1:48:54.380	1:48:55.620	20:28:32	Y	100	完整	にしても
115	ネットで靴を買ったら…	〜にしても	にしても	23	20	1:50:25.301	1:50:26.128	20:30:03	Y	100	完整	にしても
116	ネットで靴を買ったら…	返品するにしても交換するにしても、とりあえずお店に問い合わせてみるしかないな。	へんぴんするにしてもこうかんするにしてもとりあえずおみせにといあわせてみるしかないな	2	1	1:45:13.256	1:45:19.136	20:24:51	Y	100	完整	へんぴんするにしてもこうかんするにしてもとりあえずおみせにといあわせてみるしかないな
116	ネットで靴を買ったら…	返品するにしても交換するにしても、とりあえずお店に問い合わせてみるしかないな。	へんぴんするにしてもこうかんするにしてもとりあえずおみせにといあわせてみるしかないな	2	2	1:50:24.248	1:50:32.674	20:30:02	Y	100	完整	へんぴんするにしてもこうかんするにしてもとりあえずおみせにといあわせてみるしかないな
117	ネットで靴を買ったら…	〜ても	ても	25	1	1:09:12.640	1:09:12.920	19:48:50	Y	100	完整	ても
117	ネットで靴を買ったら…	〜ても	ても	25	2	1:36:57.881	1:36:58.266	20:16:35	Y	100	完整	ても
117	ネットで靴を買ったら…	〜ても	ても	25	3	1:37:00.713	1:37:01.138	20:16:38	Y	100	完整	ても
117	ネットで靴を買ったら…	〜ても	ても	25	4	1:37:19.922	1:37:21.232	20:16:57	Y	100	完整	ても
117	ネットで靴を買ったら…	〜ても	ても	25	5	1:39:16.568	1:39:16.968	20:18:54	Y	100	完整	ても
117	ネットで靴を買ったら…	〜ても	ても	25	6	1:39:40.368	1:39:40.828	20:19:18	Y	100	完整	ても
117	ネットで靴を買ったら…	〜ても	ても	25	7	1:39:41.288	1:39:41.748	20:19:19	Y	100	完整	ても
117	ネットで靴を買ったら…	〜ても	ても	25	8	1:40:05.480	1:40:05.840	20:19:43	Y	100	完整	ても
117	ネットで靴を買ったら…	〜ても	ても	25	9	1:40:06.920	1:40:07.280	20:19:44	Y	100	完整	ても
117	ネットで靴を買ったら…	〜ても	ても	25	10	1:43:24.153	1:43:24.650	20:23:02	Y	100	完整	ても
117	ネットで靴を買ったら…	〜ても	ても	25	11	1:43:27.012	1:43:27.402	20:23:05	Y	100	完整	ても
117	ネットで靴を買ったら…	〜ても	ても	25	12	1:43:28.522	1:43:29.052	20:23:06	Y	100	完整	ても
117	ネットで靴を買ったら…	〜ても	ても	25	13	1:45:14.109	1:45:14.336	20:24:52	Y	100	完整	ても
117	ネットで靴を買ったら…	〜ても	ても	25	14	1:45:15.403	1:45:15.736	20:24:53	Y	100	完整	ても
117	ネットで靴を買ったら…	〜ても	ても	25	15	1:45:27.672	1:45:27.992	20:25:05	Y	100	完整	ても
117	ネットで靴を買ったら…	〜ても	ても	25	16	1:47:36.467	1:47:36.794	20:27:14	Y	100	完整	ても
117	ネットで靴を買ったら…	〜ても	ても	25	17	1:48:12.461	1:48:12.848	20:27:50	Y	100	完整	ても
117	ネットで靴を買ったら…	〜ても	ても	25	18	1:48:14.128	1:48:14.568	20:27:52	Y	100	完整	ても
117	ネットで靴を買ったら…	〜ても	ても	25	19	1:48:25.235	1:48:25.648	20:28:03	Y	100	完整	ても
117	ネットで靴を買ったら…	〜ても	ても	25	20	1:48:27.561	1:48:28.318	20:28:05	Y	100	完整	ても
118	ネットで靴を買ったら…	返品しても交換しても	へんぴんしてもこうかんしても	0							（音軌裡找不到）
119	ネットで靴を買ったら…	ネットで靴を買いました。	ねっとでくつをかいました	3	1	0:59:43.328	0:59:47.328	19:39:21	Y	86	完整	ねっとでかいました
119	ネットで靴を買ったら…	ネットで靴を買いました。	ねっとでくつをかいました	3	2	1:15:31.096	1:15:33.574	19:55:09	Y	100	完整	ねっとでくつをかいました
119	ネットで靴を買ったら…	ネットで靴を買いました。	ねっとでくつをかいました	3	3	1:31:43.808	1:31:47.858	20:11:21	Y	100	完整	ねっとでくつをかいました
120	ネットで靴を買ったら…	届いてから履いてみたら、サイズが大きすぎました。	とどいてからはいてみたらさいずがおおきすぎました	2	1	1:10:13.559	1:10:16.796	19:49:51	Y	86	完整	どいてからはいてみたらおおきすぎました
120	ネットで靴を買ったら…	届いてから履いてみたら、サイズが大きすぎました。	とどいてからはいてみたらさいずがおおきすぎました	2	2	1:25:52.056	1:25:57.692	20:05:30	Y	93	完整	とどいてからはいてみたらがおおきすぎました
121	ネットで靴を買ったら…	サイズを間違えて注文してしまったようです。	さいずをまちがえてちゅうもんしてしまったようです	2	1	1:11:47.640	1:11:50.670	19:51:25	Y	91	完整	さいずをまちがえてちゅうもんしたようです
121	ネットで靴を買ったら…	サイズを間違えて注文してしまったようです。	さいずをまちがえてちゅうもんしてしまったようです	2	2	1:25:58.677	1:26:04.208	20:05:36	Y	92	完整	いすをまちがえてちゅうもんしてしまったようです
122	ネットで靴を買ったら…	先日ネットで靴を買ったんですけど、履いてみたところサイズが大きすぎました。	せんじつねっとでくつをかったんですけどはいてみたところさいずがおおきすぎました	1	1	1:10:38.168	1:10:45.300	19:50:16	Y	87	完整	せんじつねっとでくつをかったんですけどところおおきすぎました
123	ネットで靴を買ったら…	楽しみにしていた靴がようやく届いたんだけど、履いてみたら、サイズを間違えて注文していたことに気づいた。	たのしみにしていたくつがようやくとどいたんだけどはいてみたらさいずをまちがえてちゅうもんしていたことにきづいた	1	1	1:40:41.848	1:40:50.146	20:20:19	Y	92	完整	たのしみにしていたくつがようやくとどいたんだけどたらまちがえてちゅうもんしていたことにきづいた
124	ネットで靴を買ったら…	履けないこともないけど、さすがにこれでは歩きにくい。	はけないこともないけどさすがにこれではあるきにくい	2	1	1:48:04.499	1:48:08.006	20:27:42	Y	96	完整	けないこともないけどさすがにこれではあるきにくい
124	ネットで靴を買ったら…	履けないこともないけど、さすがにこれでは歩きにくい。	はけないこともないけどさすがにこれではあるきにくい	2	2	1:49:58.872	1:50:06.188	20:29:36	Y	91	完整	はけないこともないけどこれではあるきにくい
125	ネットで靴を買ったら…	サイズが大きすぎました。	さいずがおおきすぎました	1	1	1:25:55.352	1:25:57.692	20:05:33	Y	86	缺頭	がおおきすぎました
126	ネットで靴を買ったら…	交換できるか聞いてみようと思います。	こうかんできるかきいてみようとおもいます	7	1	1:07:46.848	1:07:50.858	19:47:24	Y	100	完整	こうかんできるかきいてみようとおもいます
126	ネットで靴を買ったら…	交換できるか聞いてみようと思います。	こうかんできるかきいてみようとおもいます	7	2	1:09:28.032	1:09:33.112	19:49:06	Y	100	完整	こうかんできるかきいてみようとおもいます
126	ネットで靴を買ったら…	交換できるか聞いてみようと思います。	こうかんできるかきいてみようとおもいます	7	3	1:09:51.160	1:09:54.020	19:49:29	Y	100	完整	こうかんできるかきいてみようとおもいます
126	ネットで靴を買ったら…	交換できるか聞いてみようと思います。	こうかんできるかきいてみようとおもいます	7	4	1:10:51.936	1:10:54.026	19:50:29	Y	100	完整	こうかんできるかきいてみようとおもいます
126	ネットで靴を買ったら…	交換できるか聞いてみようと思います。	こうかんできるかきいてみようとおもいます	7	5	1:18:24.240	1:18:26.438	19:58:02	Y	100	完整	こうかんできるかきいてみようとおもいます
126	ネットで靴を買ったら…	交換できるか聞いてみようと思います。	こうかんできるかきいてみようとおもいます	7	6	1:29:15.168	1:29:20.394	20:08:53	Y	97	完整	こうかんできるかきいてみようおもいます
126	ネットで靴を買ったら…	交換できるか聞いてみようと思います。	こうかんできるかきいてみようとおもいます	7	7	1:45:37.416	1:45:43.546	20:25:15	Y	100	完整	こうかんできるかきいてみようとおもいます
127	ネットで靴を買ったら…	履けないこともないけど。	はけないこともないけど	8	1	1:36:26.232	1:36:28.472	20:16:04	Y	100	完整	はけないこともないけど
127	ネットで靴を買ったら…	履けないこともないけど。	はけないこともないけど	8	2	1:36:28.472	1:36:30.212	20:16:06	Y	100	完整	はけないこともないけど
127	ネットで靴を買ったら…	履けないこともないけど。	はけないこともないけど	8	3	1:44:54.392	1:44:59.242	20:24:32	Y	100	完整	はけないこともないけど
127	ネットで靴を買ったら…	履けないこともないけど。	はけないこともないけど	8	4	1:47:09.312	1:47:11.502	20:26:47	Y	91	完整	けないこともないけど
127	ネットで靴を買ったら…	履けないこともないけど。	はけないこともないけど	8	5	1:47:49.400	1:48:00.520	20:27:27	Y	100	完整	はけないこともないけど
127	ネットで靴を買ったら…	履けないこともないけど。	はけないこともないけど	8	6	1:48:04.499	1:48:05.863	20:27:42	Y	91	完整	けないこともないけど
127	ネットで靴を買ったら…	履けないこともないけど。	はけないこともないけど	8	7	1:49:26.648	1:49:30.738	20:29:04	Y	100	完整	はけないこともないけど
127	ネットで靴を買ったら…	履けないこともないけど。	はけないこともないけど	8	8	1:49:58.872	1:50:03.472	20:29:36	Y	100	完整	はけないこともないけど
128	ネットで靴を買ったら…	とりあえずお店に問い合わせてみるしかないな。	とりあえずおみせにといあわせてみるしかないな	5	1	1:37:28.088	1:37:39.894	20:17:06	Y	90	完整	とりあえずおみせにといあわせてみるい
128	ネットで靴を買ったら…	とりあえずお店に問い合わせてみるしかないな。	とりあえずおみせにといあわせてみるしかないな	5	2	1:40:16.920	1:40:22.880	20:19:54	Y	98	完整	とりあえずおみせにといあわせてみるしかない
128	ネットで靴を買ったら…	とりあえずお店に問い合わせてみるしかないな。	とりあえずおみせにといあわせてみるしかないな	5	3	1:45:15.736	1:45:19.136	20:24:53	Y	100	完整	とりあえずおみせにといあわせてみるしかないな
128	ネットで靴を買ったら…	とりあえずお店に問い合わせてみるしかないな。	とりあえずおみせにといあわせてみるしかないな	5	4	1:45:27.992	1:45:30.942	20:25:06	Y	100	完整	とりあえずおみせにといあわせてみるしかないな
128	ネットで靴を買ったら…	とりあえずお店に問い合わせてみるしかないな。	とりあえずおみせにといあわせてみるしかないな	5	5	1:50:28.824	1:50:32.674	20:30:06	Y	100	完整	とりあえずおみせにといあわせてみるしかないな
129	語法複習：能力形與被動形	名詞＋できる	めいしできる	0							（音軌裡找不到）
130	語法複習：能力形與被動形	ドラムができる	どらむができる	1	1	1:51:03.712	1:51:07.822	20:30:41	Y	100	完整	どらむができる
131	語法複習：能力形與被動形	テニスができる	てにすができる	2	1	1:50:44.352	1:50:57.482	20:30:22	Y	100	完整	てにすができる
131	語法複習：能力形與被動形	テニスができる	てにすができる	2	2	1:55:08.736	1:55:18.776	20:34:46	Y	100	完整	てにすができる
132	語法複習：能力形與被動形	原形動詞＋ことができる	げんけいどうしことができる	0							（音軌裡找不到）
133	語法複習：能力形與被動形	ドラムを叩くことができる	どらむをたたくことができる	1	1	1:51:12.952	1:51:16.122	20:30:50	Y	100	完整	どらむをたたくことができる
134	語法複習：能力形與被動形	ピアノを弾くことができる	ぴあのをひくことができる	3	1	1:51:43.224	1:51:49.184	20:31:21	Y	100	完整	ぴあのをひくことができる
134	語法複習：能力形與被動形	ピアノを弾くことができる	ぴあのをひくことができる	3	2	1:51:49.880	1:51:53.700	20:31:27	Y	96	完整	ぴあのひくことができる
134	語法複習：能力形與被動形	ピアノを弾くことができる	ぴあのをひくことができる	3	3	1:55:20.976	1:55:22.966	20:34:59	Y	100	完整	ぴあのをひくことができる
135	語法複習：能力形與被動形	動詞の能力形	どうしののうりょくけい	0							（音軌裡找不到）
136	語法複習：能力形與被動形	作る	つくる	1	1	2:00:49.888	2:00:51.388	20:40:27	Y	100	完整	つくる
137	語法複習：能力形與被動形	作れる	つくれる	2	1	1:52:19.960	1:52:20.610	20:31:57	Y	100	完整	つくれる
137	語法複習：能力形與被動形	作れる	つくれる	2	2	2:03:09.968	2:03:10.488	20:42:48	Y	100	完整	つくれる
138	語法複習：能力形與被動形	見る	みる	2	1	1:50:31.230	1:50:31.643	20:30:09	Y	100	完整	みる
138	語法複習：能力形與被動形	見る	みる	2	2	1:53:45.384	1:53:45.744	20:33:23	Y	100	完整	みる
139	語法複習：能力形與被動形	見られる	みられる	3	1	1:52:25.280	1:52:29.980	20:32:03	Y	100	完整	みられる
139	語法複習：能力形與被動形	見られる	みられる	3	2	1:53:46.168	1:53:46.848	20:33:24	Y	100	完整	みられる
139	語法複習：能力形與被動形	見られる	みられる	3	3	1:56:29.640	1:56:30.350	20:36:07	Y	100	完整	みられる
140	語法複習：能力形與被動形	訪ねる	たずねる	2	1	1:54:21.064	1:54:24.484	20:33:59	Y	100	完整	たずねる
140	語法複習：能力形與被動形	訪ねる	たずねる	2	2	2:00:42.632	2:00:43.262	20:40:20	Y	100	完整	たずねる
141	語法複習：能力形與被動形	訪ねられる	たずねられる	0							（音軌裡找不到）
142	語法複習：能力形與被動形	来る	くる	5	1	1:52:12.792	1:52:13.064	20:31:50	Y	100	完整	くる
142	語法複習：能力形與被動形	来る	くる	5	2	1:53:33.898	1:53:34.398	20:33:11	Y	100	完整	くる
142	語法複習：能力形與被動形	来る	くる	5	3	1:58:39.576	1:58:40.396	20:38:17	Y	100	完整	くる
142	語法複習：能力形與被動形	来る	くる	5	4	2:00:50.388	2:00:51.388	20:40:28	Y	100	完整	くる
142	語法複習：能力形與被動形	来る	くる	5	5	2:19:29.080	2:19:29.496	20:59:07	Y	100	完整	くる
143	語法複習：能力形與被動形	来られる	こられる	2	1	2:04:18.680	2:04:20.413	20:43:56	Y	100	完整	こられる
143	語法複習：能力形與被動形	来られる	こられる	2	2	2:19:33.024	2:19:34.344	20:59:11	Y	100	完整	こられる
144	語法複習：能力形與被動形	する	する	13	1	1:50:24.888	1:50:25.301	20:30:02	Y	100	完整	する
144	語法複習：能力形與被動形	する	する	13	2	1:50:26.568	1:50:27.008	20:30:04	Y	100	完整	する
144	語法複習：能力形與被動形	する	する	13	3	1:50:34.576	1:50:35.313	20:30:12	Y	100	完整	する
144	語法複習：能力形與被動形	する	する	13	4	1:50:36.786	1:50:37.523	20:30:14	Y	100	完整	する
144	語法複習：能力形與被動形	する	する	13	5	1:53:28.250	1:53:28.525	20:33:06	Y	100	完整	する
144	語法複習：能力形與被動形	する	する	13	6	1:53:44.264	1:53:44.704	20:33:22	Y	100	完整	する
144	語法複習：能力形與被動形	する	する	13	7	1:53:47.352	1:53:48.072	20:33:25	Y	100	完整	する
144	語法複習：能力形與被動形	する	する	13	8	1:57:53.352	1:57:53.832	20:37:31	Y	100	完整	する
144	語法複習：能力形與被動形	する	する	13	9	1:59:55.680	1:59:56.240	20:39:33	Y	100	完整	する
144	語法複習：能力形與被動形	する	する	13	10	2:04:33.304	2:04:34.397	20:44:11	Y	100	完整	する
144	語法複習：能力形與被動形	する	する	13	11	2:04:36.984	2:04:37.464	20:44:15	Y	100	完整	する
144	語法複習：能力形與被動形	する	する	13	12	2:12:16.816	2:12:17.743	20:51:54	Y	100	完整	する
144	語法複習：能力形與被動形	する	する	13	13	2:12:20.784	2:12:23.604	20:51:58	Y	100	完整	する
145	語法複習：能力形與被動形	できる	できる	17	1	1:50:57.054	1:50:57.482	20:30:35	Y	100	完整	できる
145	語法複習：能力形與被動形	できる	できる	17	2	1:51:02.262	1:51:03.214	20:30:40	Y	100	完整	できる
145	語法複習：能力形與被動形	できる	できる	17	3	1:51:07.380	1:51:07.822	20:30:45	Y	100	完整	できる
145	語法複習：能力形與被動形	できる	できる	17	4	1:51:15.471	1:51:16.122	20:30:53	Y	100	完整	できる
145	語法複習：能力形與被動形	できる	できる	17	5	1:51:21.334	1:51:22.324	20:30:59	Y	100	完整	できる
145	語法複習：能力形與被動形	できる	できる	17	6	1:51:38.430	1:51:38.902	20:31:16	Y	100	完整	できる
145	語法複習：能力形與被動形	できる	できる	17	7	1:51:48.664	1:51:49.184	20:31:26	Y	100	完整	できる
145	語法複習：能力形與被動形	できる	できる	17	8	1:51:52.210	1:51:53.700	20:31:30	Y	100	完整	できる
145	語法複習：能力形與被動形	できる	できる	17	9	1:52:57.504	1:52:58.994	20:32:35	Y	100	完整	できる
145	語法複習：能力形與被動形	できる	できる	17	10	1:53:17.238	1:53:17.688	20:32:55	Y	100	完整	できる
145	語法複習：能力形與被動形	できる	できる	17	11	1:53:28.939	1:53:29.352	20:33:06	Y	100	完整	できる
145	語法複習：能力形與被動形	できる	できる	17	12	1:54:00.904	1:54:01.294	20:33:38	Y	100	完整	できる
145	語法複習：能力形與被動形	できる	できる	17	13	1:55:18.266	1:55:18.776	20:34:56	Y	100	完整	できる
145	語法複習：能力形與被動形	できる	できる	17	14	1:55:19.566	1:55:20.376	20:34:57	Y	100	完整	できる
145	語法複習：能力形與被動形	できる	できる	17	15	1:55:22.511	1:55:22.966	20:35:00	Y	100	完整	できる
145	語法複習：能力形與被動形	できる	できる	17	16	2:04:36.114	2:04:36.564	20:44:14	Y	100	完整	できる
145	語法複習：能力形與被動形	できる	できる	17	17	2:12:32.040	2:12:32.650	20:52:10	Y	100	完整	できる
146	語法複習：能力形與被動形	可能形	かのうけい	0							（音軌裡找不到）
147	語法複習：能力形與被動形	自分が〜できる	じぶんができる	0							（音軌裡找不到）
148	語法複習：能力形與被動形	受け身	うけみ	0							（音軌裡找不到）
149	語法複習：能力形與被動形	他の人から〜される	ほかのひとからされる	0							（音軌裡找不到）
150	語法複習：能力形與被動形	叩く	たたく	3	1	1:51:14.169	1:51:14.820	20:30:52	Y	100	完整	たたく
150	語法複習：能力形與被動形	叩く	たたく	3	2	2:02:13.944	2:02:20.384	20:41:51	Y	100	完整	たたく
150	語法複習：能力形與被動形	叩く	たたく	3	3	2:02:38.304	2:02:41.404	20:42:16	Y	100	完整	たたく
151	語法複習：能力形與被動形	叩ける	たたける	2	1	2:02:43.928	2:02:47.888	20:42:21	Y	100	完整	たたける
151	語法複習：能力形與被動形	叩ける	たたける	2	2	2:02:48.744	2:02:49.284	20:42:26	Y	100	完整	たたける
152	語法複習：能力形與被動形	叩かれる	たたかれる	1	1	2:03:00.128	2:03:02.578	20:42:38	Y	100	完整	たたかれる
153	語法複習：能力形與被動形	作られる	つくられる	1	1	2:03:21.944	2:03:22.794	20:42:59	Y	100	完整	つくられる
154	語法複習：能力形與被動形	食べる	たべる	3	1	1:52:37.376	1:52:39.866	20:32:15	Y	100	完整	たべる
154	語法複習：能力形與被動形	食べる	たべる	3	2	1:54:26.264	1:54:26.864	20:34:04	Y	100	完整	たべる
154	語法複習：能力形與被動形	食べる	たべる	3	3	2:19:04.024	2:19:04.584	20:58:42	Y	100	完整	たべる
155	語法複習：能力形與被動形	食べられる	たべられる	0							（音軌裡找不到）
156	語法複習：能力形與被動形	される	される	4	1	2:04:38.624	2:04:39.274	20:44:16	Y	100	完整	される
156	語法複習：能力形與被動形	される	される	4	2	2:16:51.224	2:16:51.774	20:56:29	Y	100	完整	される
156	語法複習：能力形與被動形	される	される	4	3	2:17:08.651	2:17:09.364	20:56:46	Y	100	完整	される
156	語法複習：能力形與被動形	される	される	4	4	2:18:10.244	2:18:10.694	20:57:48	Y	100	完整	される
157	語法複習：能力形與被動形	塗る	ぬる	5	1	2:00:55.040	2:00:59.150	20:40:33	Y	100	完整	ぬる
157	語法複習：能力形與被動形	塗る	ぬる	5	2	2:01:01.248	2:01:02.698	20:40:39	Y	100	完整	ぬる
157	語法複習：能力形與被動形	塗る	ぬる	5	3	2:17:19.424	2:17:19.944	20:56:57	Y	100	完整	ぬる
157	語法複習：能力形與被動形	塗る	ぬる	5	4	2:17:23.720	2:17:24.120	20:57:01	Y	100	完整	ぬる
157	語法複習：能力形與被動形	塗る	ぬる	5	5	2:17:24.120	2:17:24.560	20:57:02	Y	100	完整	ぬる
158	語法複習：能力形與被動形	塗れる	ぬれる	4	1	2:07:15.552	2:07:17.562	20:46:53	Y	100	完整	ぬれる
158	語法複習：能力形與被動形	塗れる	ぬれる	4	2	2:07:18.112	2:07:20.852	20:46:56	Y	100	完整	ぬれる
158	語法複習：能力形與被動形	塗れる	ぬれる	4	3	2:07:43.196	2:07:44.870	20:47:21	Y	100	完整	ぬれる
158	語法複習：能力形與被動形	塗れる	ぬれる	4	4	2:17:26.568	2:17:27.078	20:57:04	Y	100	完整	ぬれる
159	語法複習：能力形與被動形	塗られる	ぬられる	0							（音軌裡找不到）
160	語法複習：能力形與被動形	のし上がる	のしあがる	2	1	2:06:05.944	2:06:07.054	20:45:43	Y	100	完整	のしあがる
160	語法複習：能力形與被動形	のし上がる	のしあがる	2	2	2:08:04.133	2:08:07.720	20:47:42	Y	100	完整	のしあがる
161	語法複習：能力形與被動形	のし上がれる	のしあがれる	0							（音軌裡找不到）
162	語法複習：能力形與被動形	生き延びる	いきのびる	0							（音軌裡找不到）
163	語法複習：能力形與被動形	生き延びられる	いきのびられる	1	1	2:09:46.912	2:09:50.872	20:49:24	Y	100	完整	いきのびられる
164	語法複習：能力形與被動形	稼ぐ	かせぐ	1	1	2:06:26.920	2:06:27.760	20:46:04	Y	100	完整	かせぐ
165	語法複習：能力形與被動形	稼げる	かせげる	2	1	2:10:19.200	2:10:20.650	20:49:57	Y	100	完整	かせげる
165	語法複習：能力形與被動形	稼げる	かせげる	2	2	2:10:28.280	2:10:29.160	20:50:06	Y	100	完整	かせげる
166	語法複習：能力形與被動形	稼がれる	かせがれる	0							（音軌裡找不到）
167	語法複習：能力形與被動形	勉強し始める	べんきょうしはじめる	3	1	2:06:38.776	2:06:40.376	20:46:16	Y	100	完整	べんきょうしはじめる
167	語法複習：能力形與被動形	勉強し始める	べんきょうしはじめる	3	2	2:11:03.128	2:11:04.337	20:50:41	Y	100	完整	べんきょうしはじめる
167	語法複習：能力形與被動形	勉強し始める	べんきょうしはじめる	3	3	2:11:34.160	2:11:35.120	20:51:12	Y	90	完整	べんきょうしはじめ
168	語法複習：能力形與被動形	勉強し始められる	べんきょうしはじめられる	3	1	2:06:38.776	2:06:40.376	20:46:16	Y	91	完整	べんきょうしはじめる
168	語法複習：能力形與被動形	勉強し始められる	べんきょうしはじめられる	3	2	2:11:03.128	2:11:04.337	20:50:41	Y	91	完整	べんきょうしはじめる
168	語法複習：能力形與被動形	勉強し始められる	べんきょうしはじめられる	3	3	2:11:34.160	2:11:35.760	20:51:12	Y	100	完整	べんきょうしはじめられる
169	語法複習：能力形與被動形	登る	のぼる	0							（音軌裡找不到）
170	語法複習：能力形與被動形	登れる	のぼれる	1	1	2:12:03.192	2:12:07.752	20:51:41	Y	100	完整	のぼれる
171	語法複習：能力形與被動形	登られる	のぼられる	0							（音軌裡找不到）
172	語法複習：能力形與被動形	コピーする	こぴーする	2	1	2:12:14.616	2:12:17.743	20:51:52	Y	100	完整	こぴーする
172	語法複習：能力形與被動形	コピーする	こぴーする	2	2	2:12:19.864	2:12:23.604	20:51:57	Y	100	完整	こぴーする
173	語法複習：能力形與被動形	コピーできる	こぴーできる	1	1	2:12:31.320	2:12:32.650	20:52:09	Y	100	完整	こぴーできる
174	語法複習：能力形與被動形	コピーされる	こぴーされる	0							（音軌裡找不到）
175	語法複習：能力形與被動形	使う	つかう	1	1	2:13:35.128	2:13:35.688	20:53:13	Y	100	完整	つかう
176	語法複習：能力形與被動形	使える	つかえる	1	1	2:13:36.288	2:13:36.988	20:53:14	Y	100	完整	つかえる
177	語法複習：能力形與被動形	使われる	つかわれる	0							（音軌裡找不到）
178	語法複習：能力形與被動形	笑う	わらう	0							（音軌裡找不到）
179	語法複習：能力形與被動形	笑える	わらえる	1	1	2:14:10.064	2:14:10.664	20:53:48	Y	100	完整	わらえる
180	語法複習：能力形與被動形	笑われる	わらわれる	1	1	2:14:28.128	2:14:29.108	20:54:06	Y	100	完整	わらわれる
181	語法複習：能力形與被動形	言う	いう	5	1	1:52:07.552	1:52:09.352	20:31:45	Y	100	完整	いう
181	語法複習：能力形與被動形	言う	いう	5	2	1:56:52.337	1:56:53.925	20:36:30	Y	100	完整	いう
181	語法複習：能力形與被動形	言う	いう	5	3	2:10:36.658	2:10:37.535	20:50:14	Y	100	完整	いう
181	語法複習：能力形與被動形	言う	いう	5	4	2:11:00.576	2:11:00.936	20:50:38	Y	100	完整	いう
181	語法複習：能力形與被動形	言う	いう	5	5	2:16:00.767	2:16:03.311	20:55:38	Y	100	完整	いう
182	語法複習：能力形與被動形	言える	いえる	0							（音軌裡找不到）
183	語法複習：能力形與被動形	言われる	いわれる	0							（音軌裡找不到）
184	語法複習：能力形與被動形	割られる	わられる	1	1	2:16:15.416	2:16:17.456	20:55:53	Y	100	完整	わられる
185	語法複習：能力形與被動形	汚す	よごす	3	1	2:16:53.848	2:16:54.668	20:56:31	Y	100	完整	よごす
185	語法複習：能力形與被動形	汚す	よごす	3	2	2:16:58.264	2:16:59.064	20:56:36	Y	100	完整	よごす
185	語法複習：能力形與被動形	汚す	よごす	3	3	2:17:03.800	2:17:04.660	20:56:41	Y	100	完整	よごす
186	語法複習：能力形與被動形	汚せる	よごせる	2	1	2:17:05.016	2:17:06.776	20:56:43	Y	100	完整	よごせる
186	語法複習：能力形與被動形	汚せる	よごせる	2	2	2:17:06.776	2:17:07.736	20:56:44	Y	100	完整	よごせる
187	語法複習：能力形與被動形	汚される	よごされる	1	1	2:17:08.224	2:17:09.364	20:56:46	Y	100	完整	よごされる
188	語法複習：能力形與被動形	引っ張る	ひっぱる	1	1	2:17:48.384	2:17:50.424	20:57:26	Y	100	完整	ひっぱる
189	語法複習：能力形與被動形	引っ張れる	ひっぱれる	1	1	2:17:55.040	2:17:57.730	20:57:33	Y	100	完整	ひっぱれる
190	語法複習：能力形與被動形	引っ張られる	ひっぱられる	0							（音軌裡找不到）
191	語法複習：能力形與被動形	かける	かける	1	1	2:18:38.694	2:18:39.384	20:58:16	Y	100	完整	かける
192	語法複習：能力形與被動形	かけられる	かけられる	3	1	2:16:42.079	2:16:43.112	20:56:20	Y	100	完整	かけられる
192	語法複習：能力形與被動形	かけられる	かけられる	3	2	2:18:40.768	2:18:43.438	20:58:18	Y	100	完整	かけられる
192	語法複習：能力形與被動形	かけられる	かけられる	3	3	2:18:59.136	2:19:03.096	20:58:37	Y	100	完整	かけられる
193	語法複習：能力形與被動形	生き延びられた	いきのびられた	1	1	2:09:53.944	2:09:56.174	20:49:31	Y	100	完整	いきのびられた
194	語法複習：能力形與被動形	心から笑える	こころからわらえる	1	1	2:14:09.344	2:14:10.664	20:53:47	Y	100	完整	こころからわらえる
195	語法複習：能力形與被動形	先に登られた	さきにのぼられた	0							（音軌裡找不到）
196	語法複習：能力形與被動形	エンジンをかけられる	えんじんをかけられる	1	1	2:18:39.384	2:18:43.438	20:58:17	Y	90	完整	えんじんかけられる
197	新聞：「ありえない所」から車衝突	カラーコーン	からーこーん	0							（音軌裡找不到）
198	新聞：「ありえない所」から車衝突	ブレーキを踏む	ぶれーきをふむ	2	1	2:23:08.888	2:23:09.968	21:02:46	Y	100	完整	ぶれーきをふむ
198	新聞：「ありえない所」から車衝突	ブレーキを踏む	ぶれーきをふむ	2	2	2:23:17.464	2:23:19.834	21:02:55	Y	100	完整	ぶれーきをふむ
199	新聞：「ありえない所」から車衝突	軽自動車	けいじどうしゃ	3	1	2:26:52.160	2:26:52.680	21:06:30	Y	100	完整	けいじどうしゃ
199	新聞：「ありえない所」から車衝突	軽自動車	けいじどうしゃ	3	2	2:40:22.424	2:40:23.144	21:20:00	Y	100	完整	けいじどうしゃ
199	新聞：「ありえない所」から車衝突	軽自動車	けいじどうしゃ	3	3	2:40:41.496	2:40:42.056	21:20:19	Y	100	完整	けいじどうしゃ
200	新聞：「ありえない所」から車衝突	同乗者	どうじょうしゃ	2	1	2:23:56.800	2:23:57.780	21:03:34	Y	100	完整	どうじょうしゃ
200	新聞：「ありえない所」から車衝突	同乗者	どうじょうしゃ	2	2	2:26:53.640	2:26:54.160	21:06:31	Y	100	完整	どうじょうしゃ
201	新聞：「ありえない所」から車衝突	目撃者	もくげきしゃ	0							（音軌裡找不到）
202	新聞：「ありえない所」から車衝突	高齢者	こうれいしゃ	2	1	2:40:24.064	2:40:24.544	21:20:02	Y	100	完整	こうれいしゃ
202	新聞：「ありえない所」から車衝突	高齢者	こうれいしゃ	2	2	2:40:42.936	2:40:43.416	21:20:20	Y	100	完整	こうれいしゃ
203	新聞：「ありえない所」から車衝突	一言	ひとこと	0							（音軌裡找不到）
204	新聞：「ありえない所」から車衝突	呆然	ぼうぜん	5	1	2:22:03.848	2:22:05.356	21:01:41	Y	100	完整	ぼうぜん
204	新聞：「ありえない所」から車衝突	呆然	ぼうぜん	5	2	2:41:01.764	2:41:02.184	21:20:39	Y	100	完整	ぼうぜん
204	新聞：「ありえない所」から車衝突	呆然	ぼうぜん	5	3	2:41:25.344	2:41:26.504	21:21:03	Y	100	完整	ぼうぜん
204	新聞：「ありえない所」から車衝突	呆然	ぼうぜん	5	4	2:41:50.337	2:41:51.040	21:21:28	Y	100	完整	ぼうぜん
204	新聞：「ありえない所」から車衝突	呆然	ぼうぜん	5	5	2:42:04.855	2:42:05.952	21:21:42	Y	100	完整	ぼうぜん
205	新聞：「ありえない所」から車衝突	道路脇	どうろわき	2	1	2:26:01.912	2:26:02.392	21:05:39	Y	100	完整	どうろわき
205	新聞：「ありえない所」から車衝突	道路脇	どうろわき	2	2	2:28:05.048	2:28:05.728	21:07:43	Y	100	完整	どうろわき
206	新聞：「ありえない所」から車衝突	なぎ倒す	なぎたおす	7	1	2:21:20.744	2:21:21.774	21:00:58	Y	100	完整	なぎたおす
206	新聞：「ありえない所」から車衝突	なぎ倒す	なぎたおす	7	2	2:22:40.584	2:22:41.514	21:02:18	Y	100	完整	なぎたおす
206	新聞：「ありえない所」から車衝突	なぎ倒す	なぎたおす	7	3	2:22:46.600	2:22:53.320	21:02:24	Y	100	完整	なぎたおす
206	新聞：「ありえない所」から車衝突	なぎ倒す	なぎたおす	7	4	2:27:38.400	2:27:49.500	21:07:16	Y	100	完整	なぎたおす
206	新聞：「ありえない所」から車衝突	なぎ倒す	なぎたおす	7	5	2:27:54.680	2:27:55.490	21:07:32	Y	100	完整	なぎたおす
206	新聞：「ありえない所」から車衝突	なぎ倒す	なぎたおす	7	6	2:48:59.712	2:49:00.472	21:28:37	Y	100	完整	なぎたおす
206	新聞：「ありえない所」から車衝突	なぎ倒す	なぎたおす	7	7	2:49:02.976	2:49:06.346	21:28:41	Y	100	完整	なぎたおす
207	新聞：「ありえない所」から車衝突	なぎ倒します	なぎたおします	0							（音軌裡找不到）
208	新聞：「ありえない所」から車衝突	効く	きく	1	1	2:53:49.448	2:53:49.848	21:33:27	Y	100	完整	きく
209	新聞：「ありえない所」から車衝突	効きます	ききます	0							（音軌裡找不到）
210	新聞：「ありえない所」から車衝突	救急搬送する	きゅうきゅうはんそうする	3	1	2:22:25.336	2:22:37.826	21:02:03	Y	100	完整	きゅうきゅうはんそうする
210	新聞：「ありえない所」から車衝突	救急搬送する	きゅうきゅうはんそうする	3	2	2:24:17.592	2:24:18.812	21:03:55	Y	100	完整	きゅうきゅうはんそうする
210	新聞：「ありえない所」から車衝突	救急搬送する	きゅうきゅうはんそうする	3	3	2:24:23.776	2:24:25.536	21:04:01	Y	100	完整	きゅうきゅうはんそうする
211	新聞：「ありえない所」から車衝突	現れる	あらわれる	11	1	2:34:35.280	2:34:36.100	21:14:13	Y	100	完整	あらわれる
211	新聞：「ありえない所」から車衝突	現れる	あらわれる	11	2	2:35:16.872	2:35:17.542	21:14:54	Y	100	完整	あらわれる
211	新聞：「ありえない所」から車衝突	現れる	あらわれる	11	3	2:35:23.408	2:35:24.028	21:15:01	Y	100	完整	あらわれる
211	新聞：「ありえない所」から車衝突	現れる	あらわれる	11	4	2:36:13.280	2:36:14.830	21:15:51	Y	100	完整	あらわれる
211	新聞：「ありえない所」から車衝突	現れる	あらわれる	11	5	2:36:26.176	2:36:27.843	21:16:04	Y	100	完整	あらわれる
211	新聞：「ありえない所」から車衝突	現れる	あらわれる	11	6	2:36:47.024	2:36:48.757	21:16:25	Y	100	完整	あらわれる
211	新聞：「ありえない所」から車衝突	現れる	あらわれる	11	7	2:37:08.160	2:37:11.230	21:16:46	Y	100	完整	あらわれる
211	新聞：「ありえない所」から車衝突	現れる	あらわれる	11	8	2:37:37.328	2:37:37.795	21:17:15	Y	100	完整	あらわれる
211	新聞：「ありえない所」から車衝突	現れる	あらわれる	11	9	2:37:38.088	2:37:38.608	21:17:16	Y	100	完整	あらわれる
211	新聞：「ありえない所」から車衝突	現れる	あらわれる	11	10	2:37:38.928	2:37:39.421	21:17:16	Y	100	完整	あらわれる
211	新聞：「ありえない所」から車衝突	現れる	あらわれる	11	11	2:37:56.744	2:37:57.637	21:17:34	Y	100	完整	あらわれる
212	新聞：「ありえない所」から車衝突	現れます	あらわれます	0							（音軌裡找不到）
213	新聞：「ありえない所」から車衝突	ぶつかる	ぶつかる	3	1	2:28:47.192	2:28:48.602	21:08:25	Y	100	完整	ぶつかる
213	新聞：「ありえない所」から車衝突	ぶつかる	ぶつかる	3	2	2:29:08.984	2:29:09.954	21:08:47	Y	100	完整	ぶつかる
213	新聞：「ありえない所」から車衝突	ぶつかる	ぶつかる	3	3	2:32:45.920	2:32:46.688	21:12:23	Y	100	完整	ぶつかる
214	新聞：「ありえない所」から車衝突	ぶつかります	ぶつかります	0							（音軌裡找不到）
215	新聞：「ありえない所」から車衝突	ぶつける	ぶつける	3	1	2:28:49.224	2:28:49.964	21:08:27	Y	100	完整	ぶつける
215	新聞：「ありえない所」から車衝突	ぶつける	ぶつける	3	2	2:28:57.087	2:28:57.622	21:08:35	Y	100	完整	ぶつける
215	新聞：「ありえない所」から車衝突	ぶつける	ぶつける	3	3	2:29:05.838	2:29:07.046	21:08:43	Y	100	完整	ぶつける
216	新聞：「ありえない所」から車衝突	ぶつけます	ぶつけます	0							（音軌裡找不到）
217	新聞：「ありえない所」から車衝突	車を壁にぶつけました。	くるまをかべにぶつけました	0							（音軌裡找不到）
218	新聞：「ありえない所」から車衝突	車が壁にぶつかった。	くるまがかべにぶつかった	0							（音軌裡找不到）
219	新聞：「ありえない所」から車衝突	この薬は効かなかった。	このくすりはきかなかった	0							（音軌裡找不到）
220	新聞：「ありえない所」から車衝突	カラーコーンをなぎ倒し、道路脇の壁に衝突。	からーこーんをなぎたおしどうろわきのかべにしょうとつ	0							（音軌裡找不到）
221	新聞：「ありえない所」から車衝突	目撃者の車にもぶつかりました。	もくげきしゃのくるまにもぶつかりました	0							（音軌裡找不到）
222	新聞：「ありえない所」から車衝突	最初、後ろで何か事故があったのかなというふうに思ってたところ、	さいしょうしろでなにかじこがあったのかなというふうにおもってたところ	3	1	2:32:58.728	2:33:03.988	21:12:36	Y	100	完整	さいしょうしろでなにかじこがあったのかなというふうにおもってたところ
222	新聞：「ありえない所」から車衝突	最初、後ろで何か事故があったのかなというふうに思ってたところ、	さいしょうしろでなにかじこがあったのかなというふうにおもってたところ	3	2	2:33:20.479	2:33:28.026	21:12:58	Y	87	完整	いうしろでなにかじこがあったかなっていうふうにおもっていたところ
222	新聞：「ありえない所」から車衝突	最初、後ろで何か事故があったのかなというふうに思ってたところ、	さいしょうしろでなにかじこがあったのかなというふうにおもってたところ	3	3	2:38:55.224	2:38:59.568	21:18:33	Y	97	完整	さいしょうしろでなにかじこがあったのかなというふうにおもっていたとこ
223	新聞：「ありえない所」から車衝突	急に左側に車が現れたので、もう驚いたっていう、	きゅうにひだりがわにくるまがあらわれたのでもうおどろいたっていう	1	1	2:38:48.344	2:38:52.027	21:18:26	Y	100	完整	きゅうにひだりがわにくるまがあらわれたのでもうおどろいたっていう
224	新聞：「ありえない所」から車衝突	まさにその一言ですね。どこから来たんだっていう。	まさにそのひとことですねどこからきたんだっていう	0							（音軌裡找不到）
225	新聞：「ありえない所」から車衝突	警視庁によると、軽自動車の運転手は高齢者でした。	けいしちょうによるとけいじどうしゃのうんてんしゅはこうれいしゃでした	1	1	2:40:20.440	2:40:24.934	21:19:58	Y	100	完整	けいしちょうによるとけいじどうしゃのうんてんしゅはこうれいしゃでした
226	新聞：「ありえない所」から車衝突	様子を見に行った時には、なんかもう呆然というか、	ようすをみにいったときにはなんかもうぼうぜんというか	1	1	2:40:54.880	2:41:02.784	21:20:32	Y	96	完整	ようすをみにいったときにはなにかもうぼうぜんというか
227	新聞：「ありえない所」から車衝突	なんかわけわかんない状態だったみたいですね。	なんかわけわかんないじょうたいだったみたいですね	1	1	2:41:02.784	2:41:05.904	21:20:40	Y	96	完整	なにかわけわかんないじょうたいだったみたいですね
228	新聞：「ありえない所」から車衝突	どうしたのって聞いたら、いやブレーキ踏んだんだけど効かなかったっていうようなことを言ってたので。	どうしたのってきいたらいやぶれーきふんだんだけどきかなかったっていうようなことをいってたので	1	1	2:42:39.192	2:42:45.476	21:22:17	Y	92	缺頭	ってきいたらぶれーきふんだんだけどきかなかったっていうようなことをいってたので
229	新聞：「ありえない所」から車衝突	軽自動車の運転手と同乗者の2人は怪我をして救急搬送されていて、	けいじどうしゃのうんてんしゅとどうじょうしゃのふたりはけがをしてきゅうきゅうはんそうされていて	1	1	2:26:52.160	2:26:57.740	21:06:30	Y	100	完整	けいじどうしゃのうんてんしゅとどうじょうしゃのふたりはけがをしてきゅうきゅうはんそうされていて
230	新聞：「ありえない所」から車衝突	警視庁が詳しい状況を調べています。	けいしちょうがくわしいじょうきょうをしらべています	1	1	2:26:58.520	2:27:02.342	21:06:36	Y	100	完整	けいしちょうがくわしいじょうきょうをしらべています
231	新聞：「ありえない所」から車衝突	〜たところ	たところ	7	1	2:26:17.416	2:26:18.096	21:05:55	Y	100	完整	たところ
231	新聞：「ありえない所」から車衝突	〜たところ	たところ	7	2	2:33:03.328	2:33:03.988	21:12:41	Y	100	完整	たところ
231	新聞：「ありえない所」から車衝突	〜たところ	たところ	7	3	2:33:26.258	2:33:28.026	21:13:04	Y	100	完整	たところ
231	新聞：「ありえない所」から車衝突	〜たところ	たところ	7	4	2:34:22.424	2:34:23.624	21:14:00	Y	100	完整	たところ
231	新聞：「ありえない所」から車衝突	〜たところ	たところ	7	5	2:34:26.140	2:34:27.084	21:14:04	Y	100	完整	たところ
231	新聞：「ありえない所」から車衝突	〜たところ	たところ	7	6	2:34:28.178	2:34:28.908	21:14:06	Y	100	完整	たところ
231	新聞：「ありえない所」から車衝突	〜たところ	たところ	7	7	2:38:59.160	2:38:59.704	21:18:37	Y	100	完整	たところ
232	新聞：「ありえない所」から車衝突	事故があったのかなと思っていたところ、	じこがあったのかなとおもっていたところ	0							（音軌裡找不到）
233	新聞：「ありえない所」から車衝突	〜時	とき	9	1	2:24:16.036	2:24:17.639	21:03:54	Y	100	完整	とき
233	新聞：「ありえない所」から車衝突	〜時	とき	9	2	2:26:36.796	2:26:37.108	21:06:14	Y	100	完整	とき
233	新聞：「ありえない所」から車衝突	〜時	とき	9	3	2:33:35.496	2:33:36.056	21:13:13	Y	100	完整	とき
233	新聞：「ありえない所」から車衝突	〜時	とき	9	4	2:37:27.019	2:37:28.896	21:17:05	Y	100	完整	とき
233	新聞：「ありえない所」から車衝突	〜時	とき	9	5	2:41:00.624	2:41:00.811	21:20:38	Y	100	完整	とき
233	新聞：「ありえない所」から車衝突	〜時	とき	9	6	2:41:49.651	2:41:49.994	21:21:27	Y	100	完整	とき
233	新聞：「ありえない所」から車衝突	〜時	とき	9	7	2:46:08.748	2:46:09.328	21:25:46	Y	100	完整	とき
233	新聞：「ありえない所」から車衝突	〜時	とき	9	8	2:49:44.864	2:49:45.054	21:29:22	Y	100	完整	とき
233	新聞：「ありえない所」から車衝突	〜時	とき	9	9	2:52:39.320	2:52:39.480	21:32:17	Y	100	完整	とき
234	新聞：「ありえない所」から車衝突	様子を見に行った時には	ようすをみにいったときには	3	1	2:26:35.960	2:26:37.420	21:06:13	Y	100	完整	ようすをみにいったときには
234	新聞：「ありえない所」から車衝突	様子を見に行った時には	ようすをみにいったときには	3	2	2:40:54.880	2:41:01.144	21:20:32	Y	100	完整	ようすをみにいったときには
234	新聞：「ありえない所」から車衝突	様子を見に行った時には	ようすをみにいったときには	3	3	2:41:47.200	2:41:50.337	21:21:25	Y	100	完整	ようすをみにいったときには
235	新聞：「ありえない所」から車衝突	急に左側に車が現れた	きゅうにひだりがわにくるまがあらわれた	4	1	2:26:18.096	2:26:19.736	21:05:56	Y	95	完整	きゅうにひだりがわにくるまがあらわれ
235	新聞：「ありえない所」から車衝突	急に左側に車が現れた	きゅうにひだりがわにくるまがあらわれた	4	2	2:34:29.912	2:34:32.045	21:14:07	Y	100	完整	きゅうにひだりがわにくるまがあらわれた
235	新聞：「ありえない所」から車衝突	急に左側に車が現れた	きゅうにひだりがわにくるまがあらわれた	4	3	2:38:41.112	2:38:43.132	21:18:19	Y	100	完整	きゅうにひだりがわにくるまがあらわれた
235	新聞：「ありえない所」から車衝突	急に左側に車が現れた	きゅうにひだりがわにくるまがあらわれた	4	4	2:38:48.344	2:38:50.480	21:18:26	Y	100	完整	きゅうにひだりがわにくるまがあらわれた
236	新聞：「ありえない所」から車衝突	左側にスタバが見えます	ひだりがわにすたばがみえます	1	1	2:35:01.112	2:35:05.144	21:14:39	Y	88	完整	ひだりがわにがみえます
237	新聞：「ありえない所」から車衝突	心配しないでください。きっといい人が現れるから。	しんぱいしないでくださいきっといいひとがあらわれるから	0							（音軌裡找不到）
238	新聞：「ありえない所」から車衝突	安心して、きっといい人が現れるから。	あんしんしてきっといいひとがあらわれるから	0							（音軌裡找不到）
239	新聞：「ありえない所」から車衝突	もう驚いたっていう感じですね	もうおどろいたっていうかんじですね	0							（音軌裡找不到）
240	新聞：「ありえない所」から車衝突	まさにその一言	まさにそのひとこと	0							（音軌裡找不到）
241	新聞：「ありえない所」から車衝突	わけわかんない	わけわかんない	1	1	2:41:03.224	2:41:04.224	21:20:41	Y	100	完整	わけわかんない
242	新聞：「ありえない所」から車衝突	〜みたいです	みたいです	1	1	2:41:04.971	2:41:05.748	21:20:43	Y	100	完整	みたいです
243	新聞：「ありえない所」から車衝突	〜というか	というか	3	1	2:26:38.648	2:26:39.688	21:06:16	Y	100	完整	というか
243	新聞：「ありえない所」から車衝突	〜というか	というか	3	2	2:39:36.504	2:39:37.211	21:19:14	Y	100	完整	というか
243	新聞：「ありえない所」から車衝突	〜というか	というか	3	3	2:41:02.184	2:41:02.784	21:20:40	Y	100	完整	というか
244	新聞：「ありえない所」から車衝突	警視庁によると	けいしちょうによると	2	1	2:40:09.056	2:40:13.936	21:19:47	Y	100	完整	けいしちょうによると
244	新聞：「ありえない所」から車衝突	警視庁によると	けいしちょうによると	2	2	2:40:20.440	2:40:22.090	21:19:58	Y	100	完整	けいしちょうによると
245	新聞：「ありえない所」から車衝突	〜って聞いたら	ってきいたら	10	1	2:42:39.192	2:42:40.662	21:22:17	Y	100	完整	ってきいたら
245	新聞：「ありえない所」から車衝突	〜って聞いたら	ってきいたら	10	2	2:42:54.108	2:42:56.428	21:22:32	Y	100	完整	ってきいたら
245	新聞：「ありえない所」から車衝突	〜って聞いたら	ってきいたら	10	3	2:43:31.550	2:43:32.634	21:23:09	Y	100	完整	ってきいたら
245	新聞：「ありえない所」から車衝突	〜って聞いたら	ってきいたら	10	4	2:44:28.088	2:44:29.522	21:24:06	Y	100	完整	ってきいたら
245	新聞：「ありえない所」から車衝突	〜って聞いたら	ってきいたら	10	5	2:44:36.739	2:44:37.678	21:24:14	Y	100	完整	ってきいたら
245	新聞：「ありえない所」から車衝突	〜って聞いたら	ってきいたら	10	6	2:44:59.064	2:45:00.344	21:24:37	Y	100	完整	ってきいたら
245	新聞：「ありえない所」から車衝突	〜って聞いたら	ってきいたら	10	7	2:45:14.520	2:45:16.150	21:24:52	Y	100	完整	ってきいたら
245	新聞：「ありえない所」から車衝突	〜って聞いたら	ってきいたら	10	8	2:46:20.684	2:46:21.842	21:25:58	Y	100	完整	ってきいたら
245	新聞：「ありえない所」から車衝突	〜って聞いたら	ってきいたら	10	9	2:46:34.488	2:46:36.678	21:26:12	Y	100	完整	ってきいたら
245	新聞：「ありえない所」から車衝突	〜って聞いたら	ってきいたら	10	10	2:47:28.024	2:47:30.310	21:27:06	Y	100	完整	ってきいたら
246	新聞：「ありえない所」から車衝突	どうしたのって聞いたら、ブレーキを踏んだんだけど効かなかったとおじさんが言っていました。	どうしたのってきいたらぶれーきをふんだんだけどきかなかったとおじさんがいっていました	1	1	2:44:35.768	2:44:52.900	21:24:13	Y	88	完整	どうしたのってきいたらぶれーきをふんだんだけどきかなかったとあほなんあえいっていまし
247	新聞：「ありえない所」から車衝突	ＡというＢ	という	7	1	2:26:15.996	2:26:16.526	21:05:54	Y	100	完整	という
247	新聞：「ありえない所」から車衝突	ＡというＢ	という	7	2	2:26:38.648	2:26:39.428	21:06:16	Y	100	完整	という
247	新聞：「ありえない所」から車衝突	ＡというＢ	という	7	3	2:33:02.026	2:33:02.497	21:12:40	Y	100	完整	という
247	新聞：「ありえない所」から車衝突	ＡというＢ	という	7	4	2:38:57.852	2:38:58.258	21:18:35	Y	100	完整	という
247	新聞：「ありえない所」から車衝突	ＡというＢ	という	7	5	2:39:36.504	2:39:37.104	21:19:14	Y	100	完整	という
247	新聞：「ありえない所」から車衝突	ＡというＢ	という	7	6	2:41:02.184	2:41:02.634	21:20:40	Y	100	完整	という
247	新聞：「ありえない所」から車衝突	ＡというＢ	という	7	7	2:43:43.314	2:43:43.941	21:23:21	Y	100	完整	という
248	新聞：「ありえない所」から車衝突	〜っていうようなこと	っていうようなこと	3	1	2:26:47.344	2:26:48.424	21:06:25	Y	100	完整	っていうようなこと
248	新聞：「ありえない所」から車衝突	〜っていうようなこと	っていうようなこと	3	2	2:42:43.485	2:42:44.539	21:22:21	Y	100	完整	っていうようなこと
248	新聞：「ありえない所」から車衝突	〜っていうようなこと	っていうようなこと	3	3	2:43:37.944	2:43:40.368	21:23:15	Y	89	完整	ったいうようなこと
249	新聞：「ありえない所」から車衝突	Ａさんという人	さんというひと	0							（音軌裡找不到）
250	新聞：「ありえない所」から車衝突	ボールがピンを次々となぎ倒した。	ぼーるがぴんをつぎつぎとなぎたおした	1	1	2:49:33.651	2:49:36.414	21:29:11	Y	89	缺頭	るがぴんをつぎつぎとなぎたおした
251	新聞：「ありえない所」から車衝突	強風で木々がなぎ倒された。	きょうふうできぎがなぎたおされた	1	1	2:50:50.520	2:50:54.470	21:30:28	Y	100	完整	きょうふうできぎがなぎたおされた
252	新聞：「ありえない所」から車衝突	クマが畑の作物をなぎ倒していった。	くまがはたけのさくもつをなぎたおしていった	1	1	2:51:36.968	2:51:40.368	21:31:15	Y	98	完整	くまがはたけのさくもつをなぎたおしていた
253	新聞：「ありえない所」から車衝突	ブレーキを踏んだけど効かなかった。	ぶれーきをふんだけどきかなかった	2	1	2:42:41.016	2:42:43.367	21:22:19	Y	88	完整	ぶれーきふんだんだけどきかなかっ
253	新聞：「ありえない所」から車衝突	ブレーキを踏んだけど効かなかった。	ぶれーきをふんだけどきかなかった	2	2	2:45:18.102	2:45:20.112	21:24:56	Y	88	完整	れーきをふんだんだけどきかなかっ
254	新聞：「ありえない所」から車衝突	急に左側に車が現れた。	きゅうにひだりがわにくるまがあらわれた	4	1	2:26:18.096	2:26:19.736	21:05:56	Y	95	完整	きゅうにひだりがわにくるまがあらわれ
254	新聞：「ありえない所」から車衝突	急に左側に車が現れた。	きゅうにひだりがわにくるまがあらわれた	4	2	2:34:29.912	2:34:32.045	21:14:07	Y	100	完整	きゅうにひだりがわにくるまがあらわれた
254	新聞：「ありえない所」から車衝突	急に左側に車が現れた。	きゅうにひだりがわにくるまがあらわれた	4	3	2:38:41.112	2:38:43.132	21:18:19	Y	100	完整	きゅうにひだりがわにくるまがあらわれた
254	新聞：「ありえない所」から車衝突	急に左側に車が現れた。	きゅうにひだりがわにくるまがあらわれた	4	4	2:38:48.344	2:38:50.480	21:18:26	Y	100	完整	きゅうにひだりがわにくるまがあらわれた
255	新聞：「ありえない所」から車衝突	きっといい人が現れるから。	きっといいひとがあらわれるから	1	1	2:36:45.824	2:36:49.104	21:16:23	Y	89	缺頭	いいひとがあらわれるから
256	新聞：「ありえない所」から車衝突	どうしたのって聞いたら、わけわかんないみたいでした。	どうしたのってきいたらわけわかんないみたいでした	0							（音軌裡找不到）
