no	section	text	hits	occurrence	audio_start	audio_end	cut_start	cut_end	clock_start	in_section	score	matched_transcript
1	上週複習	モバイルバッテリー	0									（逐字稿裡找不到）
2	上週複習	充電器	4	1	0:15:39	0:15:39	0:15:29	0:15:49	18:55:16	Y	100	充电器
2	上週複習	充電器	4	2	0:15:58	0:15:59	0:15:48	0:16:09	18:55:36	Y	100	充电器
2	上週複習	充電器	4	3	0:16:15	0:16:16	0:16:05	0:16:26	18:55:53	Y	100	充电器
2	上週複習	充電器	4	4	0:16:20	0:16:21	0:16:10	0:16:31	18:55:58	Y	100	充电器
3	上週複習	充電アダプタ	0									（逐字稿裡找不到）
4	上週複習	充電ケーブル	0									（逐字稿裡找不到）
5	上週複習	プラグ	0									（逐字稿裡找不到）
6	上週複習	スマホの充電器を貸していただけますか？	0									（逐字稿裡找不到）
7	上週複習	充電器でもいい？爆速で充電できるよ。	0									（逐字稿裡找不到）
8	上週複習	色が移る	0									（逐字稿裡找不到）
9	上週複習	洗濯機からTシャツを出したら、服に色が移ってしまっていた。	1	1	0:17:51	0:17:57	0:17:41	0:18:07	18:57:29	Y	100	洗濯机からシャツを出したら服に色が移ってしまっていた
10	上週複習	色移り	0									（逐字稿裡找不到）
11	上週複習	洗濯機からTシャツを出したら、白いシャツに色移りしてしまっていた。	0									（逐字稿裡找不到）
12	上週複習	〜しか〜ない	20	1	0:18:43	0:18:44	0:18:33	0:18:54	18:58:21	Y	100	しかない
12	上週複習	〜しか〜ない	20	2	0:18:45	0:18:47	0:18:35	0:18:57	18:58:23	Y	100	しかない
12	上週複習	〜しか〜ない	20	3	0:18:48	0:18:50	0:18:38	0:19:00	18:58:26	Y	100	しかない
12	上週複習	〜しか〜ない	20	4	0:19:14	0:19:15	0:19:04	0:19:25	18:58:51	Y	100	しかない
12	上週複習	〜しか〜ない	20	5	0:29:35	0:29:36	0:29:25	0:29:46	19:09:13	N	100	しかない
12	上週複習	〜しか〜ない	20	6	0:31:42	0:31:43	0:31:32	0:31:53	19:11:19	N	100	しかない
12	上週複習	〜しか〜ない	20	7	0:31:45	0:31:46	0:31:35	0:31:56	19:11:23	N	100	しかない
12	上週複習	〜しか〜ない	20	8	0:34:38	0:34:39	0:34:28	0:34:49	19:14:16	N	100	しかない
12	上週複習	〜しか〜ない	20	9	0:39:08	0:39:09	0:38:58	0:39:19	19:18:46	N	100	しかない
12	上週複習	〜しか〜ない	20	10	1:40:13	1:40:14	1:40:03	1:40:24	20:19:51	N	100	しかない
12	上週複習	〜しか〜ない	20	11	1:40:17	1:40:18	1:40:07	1:40:28	20:19:54	N	100	しかない
12	上週複習	〜しか〜ない	20	12	1:40:22	1:40:23	1:40:12	1:40:33	20:19:59	N	100	しかない
13	上週複習	卵が1個しかない。	1	1	0:18:42	0:18:44	0:18:32	0:18:54	18:58:19	Y	100	卵が1个しかない
14	上週複習	卵が1つしかありません。	0									（逐字稿裡找不到）
15	上週複習	卵が1個しか残っていない。	0									（逐字稿裡找不到）
16	上週複習	〜も〜ない	2	1	0:18:53	0:18:54	0:18:43	0:19:04	18:58:30	Y	100	もない
16	上週複習	〜も〜ない	2	2	0:19:29	0:19:30	0:19:19	0:19:40	18:59:07	Y	100	もない
17	上週複習	卵が1個もない。	0									（逐字稿裡找不到）
18	上週複習	卵が1個も残っていない。	0									（逐字稿裡找不到）
19	上週複習	階段を登る	0									（逐字稿裡找不到）
20	上週複習	山に登る	0									（逐字稿裡找不到）
21	上週複習	山道を上る	0									（逐字稿裡找不到）
22	せっかく行ったのにお店が休みだった	定休日	5	1	0:24:33	0:24:33	0:24:23	0:24:43	19:04:10	Y	100	定休日
22	せっかく行ったのにお店が休みだった	定休日	5	2	0:26:34	0:26:34	0:26:24	0:26:44	19:06:11	Y	100	定休日
22	せっかく行ったのにお店が休みだった	定休日	5	3	0:29:27	0:29:27	0:29:17	0:29:37	19:09:04	Y	100	定休日
22	せっかく行ったのにお店が休みだった	定休日	5	4	0:34:30	0:34:31	0:34:20	0:34:41	19:14:08	Y	100	定休日
22	せっかく行ったのにお店が休みだった	定休日	5	5	0:34:52	0:34:53	0:34:42	0:35:03	19:14:30	Y	100	定休日
23	せっかく行ったのにお店が休みだった	営業時間	5	1	0:29:29	0:29:30	0:29:19	0:29:40	19:09:06	Y	100	営业时间
23	せっかく行ったのにお店が休みだった	営業時間	5	2	0:34:32	0:34:33	0:34:22	0:34:43	19:14:10	Y	100	営业时间
23	せっかく行ったのにお店が休みだった	営業時間	5	3	0:39:02	0:39:03	0:38:52	0:39:13	19:18:39	Y	100	営业时间
23	せっかく行ったのにお店が休みだった	営業時間	5	4	0:39:14	0:39:15	0:39:04	0:39:25	19:18:51	Y	100	営业时间
23	せっかく行ったのにお店が休みだった	営業時間	5	5	0:40:48	0:40:49	0:40:38	0:40:59	19:20:25	Y	100	営业时间
24	せっかく行ったのにお店が休みだった	閉まる	0									（逐字稿裡找不到）
25	せっかく行ったのにお店が休みだった	閉まります	0									（逐字稿裡找不到）
26	せっかく行ったのにお店が休みだった	開く	0									（逐字稿裡找不到）
27	せっかく行ったのにお店が休みだった	開きます	0									（逐字稿裡找不到）
28	せっかく行ったのにお店が休みだった	がっかりする	1	1	0:28:40	0:28:42	0:28:30	0:28:52	19:08:18	Y	100	がっかりする
29	せっかく行ったのにお店が休みだった	事前に	12	1	0:29:28	0:29:29	0:29:18	0:29:39	19:09:06	Y	100	事前に
29	せっかく行ったのにお店が休みだった	事前に	12	2	0:29:36	0:29:37	0:29:26	0:29:47	19:09:14	Y	100	事前に
29	せっかく行ったのにお店が休みだった	事前に	12	3	0:29:55	0:29:55	0:29:45	0:30:05	19:09:32	Y	100	事前に
29	せっかく行ったのにお店が休みだった	事前に	12	4	0:34:32	0:34:32	0:34:22	0:34:42	19:14:09	Y	100	事前に
29	せっかく行ったのにお店が休みだった	事前に	12	5	0:39:00	0:39:01	0:38:50	0:39:11	19:18:38	Y	100	事前に
29	せっかく行ったのにお店が休みだった	事前に	12	6	0:39:01	0:39:02	0:38:51	0:39:12	19:18:39	Y	100	事前に
29	せっかく行ったのにお店が休みだった	事前に	12	7	0:39:13	0:39:14	0:39:03	0:39:24	19:18:51	Y	100	事前に
29	せっかく行ったのにお店が休みだった	事前に	12	8	0:41:17	0:41:17	0:41:07	0:41:27	19:20:54	Y	100	事前に
29	せっかく行ったのにお店が休みだった	事前に	12	9	0:41:22	0:41:23	0:41:12	0:41:33	19:21:00	Y	100	事前に
29	せっかく行ったのにお店が休みだった	事前に	12	10	0:41:27	0:41:28	0:41:17	0:41:38	19:21:05	Y	100	事前に
29	せっかく行ったのにお店が休みだった	事前に	12	11	0:41:34	0:41:35	0:41:24	0:41:45	19:21:12	Y	100	事前に
29	せっかく行ったのにお店が休みだった	事前に	12	12	0:41:44	0:41:44	0:41:34	0:41:54	19:21:21	Y	100	事前に
30	せっかく行ったのにお店が休みだった	せっかく行ったのにお店が休みだった。	0									（逐字稿裡找不到）
31	せっかく行ったのにお店が休みだった	楽しみにしていたお店	4	1	0:34:15	0:34:17	0:34:05	0:34:27	19:13:53	Y	100	楽しみにしていたお店
31	せっかく行ったのにお店が休みだった	楽しみにしていたお店	4	2	0:35:09	0:35:11	0:34:59	0:35:21	19:14:46	Y	100	楽しみにしていたお店
31	せっかく行ったのにお店が休みだった	楽しみにしていたお店	4	3	0:36:13	0:36:16	0:36:03	0:36:26	19:15:51	Y	100	楽しみにしていたお店
31	せっかく行ったのにお店が休みだった	楽しみにしていたお店	4	4	0:37:54	0:37:58	0:37:44	0:38:08	19:17:32	Y	100	楽しみにしていたお店
32	せっかく行ったのにお店が休みだった	事前に営業時間を確認しておけばよかった。	3	1	0:29:28	0:29:33	0:29:18	0:29:43	19:09:06	Y	100	事前に営业时间を确认しておけばよかった
32	せっかく行ったのにお店が休みだった	事前に営業時間を確認しておけばよかった。	3	2	0:34:32	0:34:36	0:34:22	0:34:46	19:14:09	Y	100	事前に営业时间を确认しておけばよかった
32	せっかく行ったのにお店が休みだった	事前に営業時間を確認しておけばよかった。	3	3	0:39:01	0:39:06	0:38:51	0:39:16	19:18:39	Y	100	事前に営业时间を确认しておけばよかった
33	せっかく行ったのにお店が休みだった	事前に買っておけばよかった。	1	1	0:41:44	0:41:47	0:41:34	0:41:57	19:21:21	Y	100	事前に买っておけばよかった
34	せっかく行ったのにお店が休みだった	また別の日に来るしかない。	4	1	0:29:33	0:29:36	0:29:23	0:29:46	19:09:10	Y	92	また别别の日に来るしかな
34	せっかく行ったのにお店が休みだった	また別の日に来るしかない。	4	2	0:34:36	0:34:39	0:34:26	0:34:49	19:14:14	Y	92	た别别の日に来るしかない
34	せっかく行ったのにお店が休みだった	また別の日に来るしかない。	4	3	0:34:37	0:34:39	0:34:27	0:34:49	19:14:14	Y	91	别の日に来るしかない
34	せっかく行ったのにお店が休みだった	また別の日に来るしかない。	4	4	0:39:06	0:39:09	0:38:56	0:39:19	19:18:43	Y	100	また别の日に来るしかない
35	せっかく行ったのにお店が休みだった	家族が帰ってくるまで待つしかない。	1	1	0:31:43	0:31:46	0:31:33	0:31:56	19:11:20	Y	100	家族が帰ってくるまで待つしかない
36	せっかく行ったのにお店が休みだった	閉まっていた	2	1	0:34:03	0:34:05	0:33:53	0:34:15	19:13:41	Y	100	闭まっていた
36	せっかく行ったのにお店が休みだった	閉まっていた	2	2	0:34:05	0:34:06	0:33:55	0:34:16	19:13:42	Y	100	闭まっていた
37	せっかく行ったのにお店が休みだった	店が閉まっていた。	2	1	0:34:44	0:34:46	0:34:34	0:34:56	19:14:21	Y	88	は店が闭まってた
37	せっかく行ったのにお店が休みだった	店が閉まっていた。	2	2	0:35:24	0:35:26	0:35:14	0:35:36	19:15:02	Y	88	店が闭まってたん
38	せっかく行ったのにお店が休みだった	店が閉まってたんです。	2	1	0:34:44	0:34:46	0:34:34	0:34:56	19:14:22	Y	100	店が闭まってたんです
38	せっかく行ったのにお店が休みだった	店が閉まってたんです。	2	2	0:35:24	0:35:26	0:35:14	0:35:36	19:15:02	Y	100	店が闭まってたんです
39	せっかく行ったのにお店が休みだった	閉まっています	2	1	0:32:39	0:32:41	0:32:29	0:32:51	19:12:16	Y	86	まっています呢
39	せっかく行ったのにお店が休みだった	閉まっています	2	2	0:34:46	0:34:48	0:34:36	0:34:58	19:14:24	Y	86	す闭まっていま
40	せっかく行ったのにお店が休みだった	店が閉まっています。	0									（逐字稿裡找不到）
41	せっかく行ったのにお店が休みだった	開いていなかった	2	1	0:24:22	0:24:24	0:24:12	0:24:34	19:04:00	Y	100	开いていなかった
41	せっかく行ったのにお店が休みだった	開いていなかった	2	2	0:38:49	0:38:51	0:38:39	0:39:01	19:18:26	Y	88	いていなかった相
42	せっかく行ったのにお店が休みだった	店が開いていなかった。	1	1	0:38:48	0:38:51	0:38:38	0:39:01	19:18:26	Y	90	店が空いていなかった
43	せっかく行ったのにお店が休みだった	今日は開いていませんでした。	1	1	0:35:12	0:35:15	0:35:02	0:35:25	19:14:50	Y	100	今日は开いていませんでした
44	せっかく行ったのにお店が休みだった	定休日だった	3	1	0:24:33	0:24:34	0:24:23	0:24:44	19:04:10	Y	100	定休日だった
44	せっかく行ったのにお店が休みだった	定休日だった	3	2	0:29:27	0:29:28	0:29:17	0:29:38	19:09:04	Y	100	定休日だった
44	せっかく行ったのにお店が休みだった	定休日だった	3	3	0:34:30	0:34:32	0:34:20	0:34:42	19:14:08	Y	100	定休日だった
45	せっかく行ったのにお店が休みだった	今日は定休日でした。	0									（逐字稿裡找不到）
46	せっかく行ったのにお店が休みだった	楽しみにしていたお店に行きましたが、今日は休みでした。	1	1	0:34:15	0:34:21	0:34:05	0:34:31	19:13:53	Y	100	楽しみにしていたお店に行きましたが今日は休みでした
47	せっかく行ったのにお店が休みだった	とてもがっかりしました。	4	1	0:28:36	0:28:39	0:28:26	0:28:49	19:08:14	Y	100	とてもがっかりしました
47	せっかく行ったのにお店が休みだった	とてもがっかりしました。	4	2	0:29:02	0:29:05	0:28:52	0:29:15	19:08:40	Y	100	とてもがっかりしました
47	せっかく行ったのにお店が休みだった	とてもがっかりしました。	4	3	0:34:21	0:34:24	0:34:11	0:34:34	19:13:59	Y	100	とてもがっかりしました
47	せっかく行ったのにお店が休みだった	とてもがっかりしました。	4	4	0:35:15	0:35:18	0:35:05	0:35:28	19:14:53	Y	100	とてもがっかりしました
48	せっかく行ったのにお店が休みだった	ずっと楽しみにして、わざわざここまで来たのに、今日は定休日だった。	2	1	0:29:20	0:29:28	0:29:10	0:29:38	19:08:58	Y	93	ずっと楽しみにして自首わざわざここまで来たのに今日は定休日だ
48	せっかく行ったのにお店が休みだった	ずっと楽しみにして、わざわざここまで来たのに、今日は定休日だった。	2	2	0:34:24	0:34:32	0:34:14	0:34:42	19:14:02	Y	100	ずっと楽しみにしてわざわざここまで来たのに今日は定休日だった
49	せっかく行ったのにお店が休みだった	楽しみにしていたお店に行きましたが、今日は開いていませんでした。	1	1	0:35:09	0:35:15	0:34:59	0:35:25	19:14:46	Y	100	楽しみにしていたお店に行きましたが今日は开いていませんでした
50	せっかく行ったのにお店が休みだった	楽しみにしていたのに。本当にがっかりしたわ。	0									（逐字稿裡找不到）
51	せっかく行ったのにお店が休みだった	貼り紙	0									（逐字稿裡找不到）
52	せっかく行ったのにお店が休みだった	誠に勝手ながら、〜させていただきます。	0									（逐字稿裡找不到）
53	せっかく行ったのにお店が休みだった	事前に確認しておけばよかった。	2	1	0:41:17	0:41:21	0:41:07	0:41:31	19:20:54	Y	100	事前に确认しておけばよかった
53	せっかく行ったのにお店が休みだった	事前に確認しておけばよかった。	2	2	0:41:34	0:41:38	0:41:24	0:41:48	19:21:12	Y	100	事前に确认しておけばよかった
54	スマホを落としてしまった	画面	13	1	0:43:12	0:43:13	0:43:02	0:43:23	19:22:50	Y	100	画面
54	スマホを落としてしまった	画面	13	2	0:43:43	0:43:43	0:43:33	0:43:53	19:23:20	Y	100	画面
54	スマホを落としてしまった	画面	13	3	0:44:02	0:44:02	0:43:52	0:44:12	19:23:39	Y	100	画面
54	スマホを落としてしまった	画面	13	4	0:44:05	0:44:06	0:43:55	0:44:16	19:23:43	Y	100	画面
54	スマホを落としてしまった	画面	13	5	0:45:00	0:45:00	0:44:50	0:45:10	19:24:38	Y	100	画面
54	スマホを落としてしまった	画面	13	6	0:47:42	0:47:43	0:47:32	0:47:53	19:27:20	Y	100	画面
54	スマホを落としてしまった	画面	13	7	0:47:56	0:47:57	0:47:46	0:48:07	19:27:33	Y	100	画面
54	スマホを落としてしまった	画面	13	8	0:48:03	0:48:04	0:47:53	0:48:14	19:27:40	Y	100	画面
54	スマホを落としてしまった	画面	13	9	0:50:21	0:50:21	0:50:11	0:50:31	19:29:58	Y	100	画面
54	スマホを落としてしまった	画面	13	10	0:50:51	0:50:52	0:50:41	0:51:02	19:30:28	Y	100	画面
54	スマホを落としてしまった	画面	13	11	0:51:04	0:51:05	0:50:54	0:51:15	19:30:42	Y	100	画面
54	スマホを落としてしまった	画面	13	12	0:51:06	0:51:06	0:50:56	0:51:16	19:30:43	Y	100	画面
55	スマホを落としてしまった	ひび	15	1	0:48:35	0:48:36	0:48:25	0:48:46	19:28:13	Y	100	ひび
55	スマホを落としてしまった	ひび	15	2	0:49:14	0:49:15	0:49:04	0:49:25	19:28:52	Y	100	ひび
55	スマホを落としてしまった	ひび	15	3	0:49:17	0:49:17	0:49:07	0:49:27	19:28:54	Y	100	ひび
55	スマホを落としてしまった	ひび	15	4	0:49:19	0:49:19	0:49:09	0:49:29	19:28:56	Y	100	ひび
55	スマホを落としてしまった	ひび	15	5	0:49:26	0:49:27	0:49:16	0:49:37	19:29:04	Y	100	ひび
55	スマホを落としてしまった	ひび	15	6	0:52:56	0:52:57	0:52:46	0:53:07	19:32:34	Y	100	ひび
55	スマホを落としてしまった	ひび	15	7	0:52:57	0:52:58	0:52:47	0:53:08	19:32:35	Y	100	ひび
55	スマホを落としてしまった	ひび	15	8	0:52:58	0:52:59	0:52:48	0:53:09	19:32:35	Y	100	ひび
55	スマホを落としてしまった	ひび	15	9	0:56:39	0:56:39	0:56:29	0:56:49	19:36:16	Y	100	ひび
55	スマホを落としてしまった	ひび	15	10	0:56:40	0:56:41	0:56:30	0:56:51	19:36:18	Y	100	ひび
55	スマホを落としてしまった	ひび	15	11	0:56:43	0:56:44	0:56:33	0:56:54	19:36:21	Y	100	ひび
55	スマホを落としてしまった	ひび	15	12	0:56:47	0:56:47	0:56:37	0:56:57	19:36:24	Y	100	ひび
56	スマホを落としてしまった	割れる	0									（逐字稿裡找不到）
57	スマホを落としてしまった	割れます	0									（逐字稿裡找不到）
58	スマホを落としてしまった	割る	0									（逐字稿裡找不到）
59	スマホを落としてしまった	割ります	0									（逐字稿裡找不到）
60	スマホを落としてしまった	ひび割れる	0									（逐字稿裡找不到）
61	スマホを落としてしまった	ひび割れます	0									（逐字稿裡找不到）
62	スマホを落としてしまった	滑る	0									（逐字稿裡找不到）
63	スマホを落としてしまった	滑ります	4	1	0:55:34	0:55:35	0:55:24	0:55:45	19:35:11	Y	100	滑ります
63	スマホを落としてしまった	滑ります	4	2	0:55:36	0:55:37	0:55:26	0:55:47	19:35:13	Y	100	滑ります
63	スマホを落としてしまった	滑ります	4	3	0:55:39	0:55:40	0:55:29	0:55:50	19:35:17	Y	100	滑ります
63	スマホを落としてしまった	滑ります	4	4	0:55:53	0:55:54	0:55:43	0:56:04	19:35:31	Y	100	滑ります
64	スマホを落としてしまった	落とす	0									（逐字稿裡找不到）
65	スマホを落としてしまった	落とします	0									（逐字稿裡找不到）
66	スマホを落としてしまった	買い替える	0									（逐字稿裡找不到）
67	スマホを落としてしまった	買い替えます	0									（逐字稿裡找不到）
68	スマホを落としてしまった	卵を割る	0									（逐字稿裡找不到）
69	スマホを落としてしまった	卵が割れる	0									（逐字稿裡找不到）
70	スマホを落としてしまった	手が滑って	0									（逐字稿裡找不到）
71	スマホを落としてしまった	ショックです	3	1	0:45:02	0:45:03	0:44:52	0:45:13	19:24:40	Y	100	ショックです
71	スマホを落としてしまった	ショックです	3	2	0:47:46	0:47:48	0:47:36	0:47:58	19:27:24	Y	100	ショックです
71	スマホを落としてしまった	ショックです	3	3	0:50:25	0:50:26	0:50:15	0:50:36	19:30:02	Y	100	ショックです
72	スマホを落としてしまった	買い替えないといけないかもしれない。	1	1	0:48:11	0:48:21	0:48:01	0:48:31	19:27:49	Y	100	买い替えないといけないかもしれない
73	スマホを落としてしまった	操作もしにくい。	1	1	0:51:10	0:51:13	0:51:00	0:51:23	19:30:47	Y	100	操作もしにくい
74	スマホを落としてしまった	スマホを落としてしまいました。	1	1	0:47:48	0:47:56	0:47:38	0:48:06	19:27:26	Y	100	スマホを落としてしまいました
75	スマホを落としてしまった	画面が割れてしまいました。	4	1	0:47:42	0:47:45	0:47:32	0:47:55	19:27:20	Y	100	画面が割れてしまいました
75	スマホを落としてしまった	画面が割れてしまいました。	4	2	0:47:56	0:48:03	0:47:46	0:48:13	19:27:33	Y	100	画面が割れてしまいました
75	スマホを落としてしまった	画面が割れてしまいました。	4	3	0:48:03	0:48:09	0:47:53	0:48:19	19:27:40	Y	100	画面が割れてしまいました
75	スマホを落としてしまった	画面が割れてしまいました。	4	4	0:50:21	0:50:24	0:50:11	0:50:34	19:29:58	Y	92	画面が折れてしまいました
76	スマホを落としてしまった	とてもショックです。	3	1	0:45:01	0:45:03	0:44:51	0:45:13	19:24:39	Y	100	とてもショックです
76	スマホを落としてしまった	とてもショックです。	3	2	0:47:45	0:47:48	0:47:35	0:47:58	19:27:23	Y	100	とてもショックです
76	スマホを落としてしまった	とてもショックです。	3	3	0:50:24	0:50:26	0:50:14	0:50:36	19:30:01	Y	100	とてもショックです
77	スマホを落としてしまった	ほんの少し手が滑って、スマホを落としてしまった。	0									（逐字稿裡找不到）
78	スマホを落としてしまった	画面がひび割れてしまって、操作もしにくい。	1	1	0:51:06	0:51:13	0:50:56	0:51:23	19:30:43	Y	89	画面が伤割れてしまって操作もしにくいう
79	スマホを落としてしまった	足元	6	1	0:55:11	0:55:12	0:55:01	0:55:22	19:34:48	Y	100	足元
79	スマホを落としてしまった	足元	6	2	0:55:12	0:55:13	0:55:02	0:55:23	19:34:50	Y	100	足元
79	スマホを落としてしまった	足元	6	3	0:55:17	0:55:18	0:55:07	0:55:28	19:34:55	Y	100	足元
79	スマホを落としてしまった	足元	6	4	0:55:19	0:55:20	0:55:09	0:55:30	19:34:57	Y	100	足元
79	スマホを落としてしまった	足元	6	5	0:55:41	0:55:42	0:55:31	0:55:52	19:35:19	Y	100	足元
79	スマホを落としてしまった	足元	6	6	0:55:55	0:55:56	0:55:45	0:56:06	19:35:33	Y	100	足元
80	スマホを落としてしまった	滑りますので、足元に気をつけてください。	1	1	0:55:39	0:55:45	0:55:29	0:55:55	19:35:17	Y	100	滑りますので足元に気をつけてください
81	スマホを落としてしまった	滑りますので、足元にご注意ください。	1	1	0:55:53	0:55:58	0:55:43	0:56:08	19:35:31	Y	100	滑りますので足元にご注意ください
82	スマホを落としてしまった	ひびが入る	3	1	0:49:19	0:49:20	0:49:09	0:49:30	19:28:56	Y	100	ひびが入る
82	スマホを落としてしまった	ひびが入る	3	2	0:49:26	0:49:28	0:49:16	0:49:38	19:29:04	Y	100	ひびが入る
82	スマホを落としてしまった	ひびが入る	3	3	0:56:40	0:56:42	0:56:30	0:56:52	19:36:18	Y	100	ひびが入る
83	スマホを落としてしまった	壁にひびが入っていますか？	0									（逐字稿裡找不到）
84	スマホを落としてしまった	昨日地震だったんですよね。	1	1	0:57:00	0:57:03	0:56:50	0:57:13	19:36:37	Y	100	昨日地震だったんですよね
85	ネットで靴を買ったら…	ネット	10	1	0:59:16	0:59:17	0:59:06	0:59:27	19:38:54	Y	100	ネット
85	ネットで靴を買ったら…	ネット	10	2	1:07:33	1:07:34	1:07:23	1:07:44	19:47:11	Y	100	ネット
85	ネットで靴を買ったら…	ネット	10	3	1:10:07	1:10:08	1:09:57	1:10:18	19:49:45	Y	100	ネット
85	ネットで靴を買ったら…	ネット	10	4	1:10:35	1:10:36	1:10:25	1:10:46	19:50:13	Y	100	ネット
85	ネットで靴を買ったら…	ネット	10	5	1:10:40	1:10:41	1:10:30	1:10:51	19:50:18	Y	100	ネット
85	ネットで靴を買ったら…	ネット	10	6	1:11:03	1:11:04	1:10:53	1:11:14	19:50:41	Y	100	ネット
85	ネットで靴を買ったら…	ネット	10	7	1:13:21	1:13:21	1:13:11	1:13:31	19:52:58	Y	100	ネット
85	ネットで靴を買ったら…	ネット	10	8	1:15:34	1:15:35	1:15:24	1:15:45	19:55:12	Y	100	ネット
85	ネットで靴を買ったら…	ネット	10	9	1:18:41	1:18:42	1:18:31	1:18:52	19:58:19	Y	100	ネット
85	ネットで靴を買ったら…	ネット	10	10	1:25:25	1:25:26	1:25:15	1:25:36	20:05:03	Y	100	ネット
86	ネットで靴を買ったら…	サイズ	50	1	1:03:11	1:03:12	1:03:01	1:03:22	19:42:49	Y	100	サイズ
86	ネットで靴を買ったら…	サイズ	50	2	1:03:20	1:03:20	1:03:10	1:03:30	19:42:57	Y	100	サイズ
86	ネットで靴を買ったら…	サイズ	50	3	1:03:23	1:03:23	1:03:13	1:03:33	19:43:00	Y	100	サイズ
86	ネットで靴を買ったら…	サイズ	50	4	1:05:19	1:05:19	1:05:09	1:05:29	19:44:56	Y	100	サイズ
86	ネットで靴を買ったら…	サイズ	50	5	1:06:23	1:06:24	1:06:13	1:06:34	19:46:01	Y	100	サイズ
86	ネットで靴を買ったら…	サイズ	50	6	1:06:37	1:06:38	1:06:27	1:06:48	19:46:14	Y	100	サイズ
86	ネットで靴を買ったら…	サイズ	50	7	1:07:08	1:07:09	1:06:58	1:07:19	19:46:45	Y	100	サイズ
86	ネットで靴を買ったら…	サイズ	50	8	1:07:14	1:07:15	1:07:04	1:07:25	19:46:52	Y	100	サイズ
86	ネットで靴を買ったら…	サイズ	50	9	1:07:40	1:07:41	1:07:30	1:07:51	19:47:18	Y	100	サイズ
86	ネットで靴を買ったら…	サイズ	50	10	1:07:43	1:07:44	1:07:33	1:07:54	19:47:20	Y	100	サイズ
86	ネットで靴を買ったら…	サイズ	50	11	1:09:14	1:09:14	1:09:04	1:09:24	19:48:51	Y	100	サイズ
86	ネットで靴を買ったら…	サイズ	50	12	1:09:18	1:09:18	1:09:08	1:09:28	19:48:55	Y	100	サイズ
87	ネットで靴を買ったら…	スニーカー	6	1	1:10:36	1:10:37	1:10:26	1:10:47	19:50:14	Y	100	スニーカー
87	ネットで靴を買ったら…	スニーカー	6	2	1:35:19	1:35:21	1:35:09	1:35:31	20:14:57	Y	100	スニーカー
87	ネットで靴を買ったら…	スニーカー	6	3	1:35:25	1:35:26	1:35:15	1:35:36	20:15:02	Y	100	スニーカー
87	ネットで靴を買ったら…	スニーカー	6	4	1:35:28	1:35:29	1:35:18	1:35:39	20:15:05	Y	100	スニーカー
87	ネットで靴を買ったら…	スニーカー	6	5	1:35:30	1:35:31	1:35:20	1:35:41	20:15:07	Y	100	スニーカー
87	ネットで靴を買ったら…	スニーカー	6	6	1:35:33	1:35:34	1:35:23	1:35:44	20:15:10	Y	100	スニーカー
88	ネットで靴を買ったら…	返品	14	1	1:06:53	1:06:54	1:06:43	1:07:04	19:46:31	Y	100	返品
88	ネットで靴を買ったら…	返品	14	2	1:39:54	1:39:55	1:39:44	1:40:05	20:19:32	Y	100	返品
88	ネットで靴を買ったら…	返品	14	3	1:39:55	1:39:55	1:39:45	1:40:05	20:19:32	Y	100	返品
88	ネットで靴を買ったら…	返品	14	4	1:40:06	1:40:07	1:39:56	1:40:17	20:19:44	Y	100	返品
88	ネットで靴を買ったら…	返品	14	5	1:43:37	1:43:37	1:43:27	1:43:47	20:23:14	Y	100	返品
88	ネットで靴を買ったら…	返品	14	6	1:43:37	1:43:38	1:43:27	1:43:48	20:23:15	Y	100	返品
88	ネットで靴を買ったら…	返品	14	7	1:45:10	1:45:11	1:45:00	1:45:21	20:24:48	Y	100	返品
88	ネットで靴を買ったら…	返品	14	8	1:45:28	1:45:28	1:45:18	1:45:38	20:25:05	Y	100	返品
88	ネットで靴を買ったら…	返品	14	9	1:47:26	1:47:26	1:47:16	1:47:36	20:27:04	Y	100	返品
88	ネットで靴を買ったら…	返品	14	10	1:47:28	1:47:28	1:47:18	1:47:38	20:27:05	Y	100	返品
88	ネットで靴を買ったら…	返品	14	11	1:48:06	1:48:07	1:47:56	1:48:17	20:27:44	Y	100	返品
88	ネットで靴を買ったら…	返品	14	12	1:48:10	1:48:11	1:48:00	1:48:21	20:27:48	Y	100	返品
89	ネットで靴を買ったら…	交換	27	1	1:07:50	1:07:50	1:07:40	1:08:00	19:47:27	Y	100	交换
89	ネットで靴を買ったら…	交換	27	2	1:09:25	1:09:26	1:09:15	1:09:36	19:49:03	Y	100	交换
89	ネットで靴を買ったら…	交換	27	3	1:10:23	1:10:23	1:10:13	1:10:33	19:50:00	Y	100	交换
89	ネットで靴を買ったら…	交換	27	4	1:10:52	1:10:52	1:10:42	1:11:02	19:50:30	Y	100	交换
89	ネットで靴を買ったら…	交換	27	5	1:11:53	1:11:53	1:11:43	1:12:03	19:51:30	Y	100	交换
89	ネットで靴を買ったら…	交換	27	6	1:14:13	1:14:14	1:14:03	1:14:24	19:53:51	Y	100	交换
89	ネットで靴を買ったら…	交換	27	7	1:15:58	1:15:59	1:15:48	1:16:09	19:55:36	Y	100	交换
89	ネットで靴を買ったら…	交換	27	8	1:17:02	1:17:03	1:16:52	1:17:13	19:56:40	Y	100	交换
89	ネットで靴を買ったら…	交換	27	9	1:17:06	1:17:07	1:16:56	1:17:17	19:56:44	Y	100	交换
89	ネットで靴を買ったら…	交換	27	10	1:17:09	1:17:10	1:16:59	1:17:20	19:56:47	Y	100	交换
89	ネットで靴を買ったら…	交換	27	11	1:17:11	1:17:12	1:17:01	1:17:22	19:56:49	Y	100	交换
89	ネットで靴を買ったら…	交換	27	12	1:17:47	1:17:48	1:17:37	1:17:58	19:57:25	Y	100	交换
90	ネットで靴を買ったら…	ルイーサ	0									（逐字稿裡找不到）
91	ネットで靴を買ったら…	届く	0									（逐字稿裡找不到）
92	ネットで靴を買ったら…	届きます	0									（逐字稿裡找不到）
93	ネットで靴を買ったら…	届ける	0									（逐字稿裡找不到）
94	ネットで靴を買ったら…	届けます	0									（逐字稿裡找不到）
95	ネットで靴を買ったら…	気づく	2	1	1:04:23	1:04:24	1:04:13	1:04:34	19:44:01	Y	100	気づく
95	ネットで靴を買ったら…	気づく	2	2	1:04:48	1:04:49	1:04:38	1:04:59	19:44:26	Y	100	気づく
96	ネットで靴を買ったら…	気づきます	0									（逐字稿裡找不到）
97	ネットで靴を買ったら…	問い合わせる	3	1	1:37:52	1:37:54	1:37:42	1:38:04	20:17:30	Y	100	问い合わせる
97	ネットで靴を買ったら…	問い合わせる	3	2	1:40:16	1:40:17	1:40:06	1:40:27	20:19:53	Y	100	问い合わせる
97	ネットで靴を買ったら…	問い合わせる	3	3	1:43:31	1:43:33	1:43:21	1:43:43	20:23:09	Y	91	问い合わせ
98	ネットで靴を買ったら…	問い合わせます	0									（逐字稿裡找不到）
99	ネットで靴を買ったら…	ようやく	8	1	1:35:34	1:35:35	1:35:24	1:35:45	20:15:12	Y	100	ようやく
99	ネットで靴を買ったら…	ようやく	8	2	1:35:41	1:35:42	1:35:31	1:35:52	20:15:19	Y	100	ようやく
99	ネットで靴を買ったら…	ようやく	8	3	1:40:42	1:40:43	1:40:32	1:40:53	20:20:20	Y	100	ようやく
99	ネットで靴を買ったら…	ようやく	8	4	1:41:27	1:41:29	1:41:17	1:41:39	20:21:04	Y	100	ようやく
99	ネットで靴を買ったら…	ようやく	8	5	1:41:39	1:41:41	1:41:29	1:41:51	20:21:16	Y	100	ようやく
99	ネットで靴を買ったら…	ようやく	8	6	1:41:52	1:41:54	1:41:42	1:42:04	20:21:30	Y	100	ようやく
99	ネットで靴を買ったら…	ようやく	8	7	1:41:58	1:42:01	1:41:48	1:42:11	20:21:36	Y	100	ようやく
99	ネットで靴を買ったら…	ようやく	8	8	1:46:02	1:46:03	1:45:52	1:46:13	20:25:40	Y	100	ようやく
100	ネットで靴を買ったら…	さすがに	13	1	1:36:30	1:36:31	1:36:20	1:36:41	20:16:07	Y	100	さすがに
100	ネットで靴を買ったら…	さすがに	13	2	1:42:57	1:42:58	1:42:47	1:43:08	20:22:34	Y	100	さすがに
100	ネットで靴を買ったら…	さすがに	13	3	1:43:18	1:43:19	1:43:08	1:43:29	20:22:55	Y	100	さすがに
100	ネットで靴を買ったら…	さすがに	13	4	1:44:54	1:44:55	1:44:44	1:45:05	20:24:31	Y	100	さすがに
100	ネットで靴を買ったら…	さすがに	13	5	1:45:07	1:45:08	1:44:57	1:45:18	20:24:44	Y	100	さすがに
100	ネットで靴を買ったら…	さすがに	13	6	1:46:40	1:46:41	1:46:30	1:46:51	20:26:17	Y	100	さすがに
100	ネットで靴を買ったら…	さすがに	13	7	1:47:17	1:47:19	1:47:07	1:47:29	20:26:55	Y	100	さすがに
100	ネットで靴を買ったら…	さすがに	13	8	1:47:19	1:47:20	1:47:09	1:47:30	20:26:56	Y	100	さすがに
100	ネットで靴を買ったら…	さすがに	13	9	1:47:20	1:47:21	1:47:10	1:47:31	20:26:58	Y	100	さすがに
100	ネットで靴を買ったら…	さすがに	13	10	1:48:03	1:48:04	1:47:53	1:48:14	20:27:41	Y	100	さすがに
100	ネットで靴を買ったら…	さすがに	13	11	1:49:47	1:49:48	1:49:37	1:49:58	20:29:24	Y	100	さすがに
100	ネットで靴を買ったら…	さすがに	13	12	1:49:48	1:49:49	1:49:38	1:49:59	20:29:25	Y	100	さすがに
101	ネットで靴を買ったら…	とりあえず	14	1	1:37:34	1:37:35	1:37:24	1:37:45	20:17:11	Y	100	とりあえず
101	ネットで靴を買ったら…	とりあえず	14	2	1:38:24	1:38:25	1:38:14	1:38:35	20:18:02	Y	100	とりあえず
101	ネットで靴を買ったら…	とりあえず	14	3	1:38:25	1:38:26	1:38:15	1:38:36	20:18:03	Y	100	とりあえず
101	ネットで靴を買ったら…	とりあえず	14	4	1:38:26	1:38:27	1:38:16	1:38:37	20:18:04	Y	100	とりあえず
101	ネットで靴を買ったら…	とりあえず	14	5	1:40:10	1:40:11	1:40:00	1:40:21	20:19:48	Y	100	とりあえず
101	ネットで靴を買ったら…	とりあえず	14	6	1:40:18	1:40:20	1:40:08	1:40:30	20:19:56	Y	100	とりあえず
101	ネットで靴を買ったら…	とりあえず	14	7	1:45:14	1:45:15	1:45:04	1:45:25	20:24:52	Y	100	とりあえず
101	ネットで靴を買ったら…	とりあえず	14	8	1:45:32	1:45:34	1:45:22	1:45:44	20:25:10	Y	100	とりあえず
101	ネットで靴を買ったら…	とりあえず	14	9	1:47:31	1:47:33	1:47:21	1:47:43	20:27:09	Y	100	とりあえず
101	ネットで靴を買ったら…	とりあえず	14	10	1:48:27	1:48:29	1:48:17	1:48:39	20:28:05	Y	100	とりあえず
101	ネットで靴を買ったら…	とりあえず	14	11	1:48:58	1:48:59	1:48:48	1:49:09	20:28:35	Y	100	とりあえず
101	ネットで靴を買ったら…	とりあえず	14	12	1:48:59	1:49:01	1:48:49	1:49:11	20:28:37	Y	100	とりあえず
102	ネットで靴を買ったら…	〜ことに気づく	0									（逐字稿裡找不到）
103	ネットで靴を買ったら…	サイズを間違えて注文したことに気づいた。	5	1	1:05:18	1:05:23	1:05:08	1:05:33	19:44:56	Y	89	らサイズを间违えて注文したのに気づいた
103	ネットで靴を買ったら…	サイズを間違えて注文したことに気づいた。	5	2	1:07:08	1:07:13	1:06:58	1:07:23	19:46:45	Y	100	サイズを间违えて注文したことに気づいた
103	ネットで靴を買ったら…	サイズを間違えて注文したことに気づいた。	5	3	1:07:14	1:07:20	1:07:04	1:07:30	19:46:52	Y	89	サイズを间违えて注文したと気づいた也可
103	ネットで靴を買ったら…	サイズを間違えて注文したことに気づいた。	5	4	1:40:46	1:40:50	1:40:36	1:41:00	20:20:24	Y	89	イズを间违えて注文していたことに気づい
103	ネットで靴を買ったら…	サイズを間違えて注文したことに気づいた。	5	5	1:42:18	1:42:29	1:42:08	1:42:39	20:21:56	Y	89	サイズを间违えて注文していたことに気づ
104	ネットで靴を買ったら…	サイズを間違えて注文したのに気づいた。	3	1	1:05:19	1:05:23	1:05:09	1:05:33	19:44:56	Y	100	サイズを间违えて注文したのに気づいた
104	ネットで靴を買ったら…	サイズを間違えて注文したのに気づいた。	3	2	1:07:08	1:07:13	1:06:58	1:07:23	19:46:45	Y	89	サイズを间违えて注文したことに気づい
104	ネットで靴を買ったら…	サイズを間違えて注文したのに気づいた。	3	3	1:07:14	1:07:20	1:07:04	1:07:30	19:46:52	Y	89	サイズを间违えて注文したと気づいた也
105	ネットで靴を買ったら…	〜と気づく	0									（逐字稿裡找不到）
106	ネットで靴を買ったら…	注文したと気づいた。	1	1	1:07:17	1:07:19	1:07:07	1:07:29	19:46:54	Y	100	注文したと気づいた
107	ネットで靴を買ったら…	ハルキさんが隣に立っていると気づいた。	0									（逐字稿裡找不到）
108	ネットで靴を買ったら…	履いてみたら、サイズが大きすぎました。	5	1	1:07:38	1:07:43	1:07:28	1:07:53	19:47:16	Y	100	履いてみたらサイズが大きすぎました
108	ネットで靴を買ったら…	履いてみたら、サイズが大きすぎました。	5	2	1:10:11	1:10:16	1:10:01	1:10:26	19:49:49	Y	100	履いてみたらサイズが大きすぎました
108	ネットで靴を買ったら…	履いてみたら、サイズが大きすぎました。	5	3	1:25:53	1:25:59	1:25:43	1:26:09	20:05:31	Y	94	开いてみたらサイズが大きすぎました
108	ネットで靴を買ったら…	履いてみたら、サイズが大きすぎました。	5	4	1:29:08	1:29:13	1:28:58	1:29:23	20:08:45	Y	94	履いてみたがサイズが大きすぎました
108	ネットで靴を買ったら…	履いてみたら、サイズが大きすぎました。	5	5	1:31:59	1:32:05	1:31:49	1:32:15	20:11:37	Y	94	いてみたらあサイズが大きすぎました
109	ネットで靴を買ったら…	履いてみたところ、サイズが大きすぎました。	2	1	1:10:43	1:10:47	1:10:33	1:10:57	19:50:21	Y	100	履いてみたところサイズが大きすぎました
109	ネットで靴を買ったら…	履いてみたところ、サイズが大きすぎました。	2	2	1:15:46	1:15:50	1:15:36	1:16:00	19:55:23	Y	89	いて见たところサイズが大きすぎました分
110	ネットで靴を買ったら…	大きすぎる	3	1	1:06:38	1:06:39	1:06:28	1:06:49	19:46:16	Y	100	大きすぎる
110	ネットで靴を買ったら…	大きすぎる	3	2	1:19:39	1:19:41	1:19:29	1:19:51	19:59:17	Y	100	大きすぎる
110	ネットで靴を買ったら…	大きすぎる	3	3	1:45:25	1:45:27	1:45:15	1:45:37	20:25:03	Y	100	大きすぎる
111	ネットで靴を買ったら…	小さすぎる	1	1	1:09:10	1:09:11	1:09:00	1:09:21	19:48:48	Y	100	小さすぎる
112	ネットで靴を買ったら…	お店に連絡して、交換できるか聞いてみようと思います。	14	1	1:07:48	1:07:54	1:07:38	1:08:04	19:47:25	Y	100	お店に连络して交换できるか闻いてみようと思います
112	ネットで靴を買ったら…	お店に連絡して、交換できるか聞いてみようと思います。	14	2	1:09:24	1:09:30	1:09:14	1:09:40	19:49:01	Y	100	お店に连络して交换できるか闻いてみようと思います
112	ネットで靴を買ったら…	お店に連絡して、交換できるか聞いてみようと思います。	14	3	1:10:21	1:10:27	1:10:11	1:10:37	19:49:58	Y	100	お店に连络して交换できるか闻いてみようと思います
112	ネットで靴を買ったら…	お店に連絡して、交換できるか聞いてみようと思います。	14	4	1:10:51	1:10:55	1:10:41	1:11:05	19:50:28	Y	100	お店に连络して交换できるか闻いてみようと思います
112	ネットで靴を買ったら…	お店に連絡して、交換できるか聞いてみようと思います。	14	5	1:11:51	1:11:56	1:11:41	1:12:06	19:51:28	Y	92	店お店に连络して交换できるか闻いてみようとみます
112	ネットで靴を買ったら…	お店に連絡して、交換できるか聞いてみようと思います。	14	6	1:14:12	1:14:17	1:14:02	1:14:27	19:53:49	Y	100	お店に连络して交换できるか闻いてみようと思います
112	ネットで靴を買ったら…	お店に連絡して、交換できるか聞いてみようと思います。	14	7	1:15:57	1:16:03	1:15:47	1:16:13	19:55:35	Y	92	に连络して交换できるか闻いてみようと思っています
112	ネットで靴を買ったら…	お店に連絡して、交換できるか聞いてみようと思います。	14	8	1:17:45	1:17:53	1:17:35	1:18:03	19:57:23	Y	92	みせに连络して交换できるか闻いてみようと思います
112	ネットで靴を買ったら…	お店に連絡して、交換できるか聞いてみようと思います。	14	9	1:19:15	1:19:24	1:19:05	1:19:34	19:58:52	Y	88	店に连络してこうえ交换できるか闻いてみようと思い
112	ネットで靴を買ったら…	お店に連絡して、交換できるか聞いてみようと思います。	14	10	1:26:08	1:26:15	1:25:58	1:26:25	20:05:45	Y	88	连络して交换できるか闻いて闻いてみようと思います
112	ネットで靴を買ったら…	お店に連絡して、交換できるか聞いてみようと思います。	14	11	1:26:30	1:26:38	1:26:20	1:26:48	20:06:08	Y	100	お店に连络して交换できるか闻いてみようと思います
112	ネットで靴を買ったら…	お店に連絡して、交換できるか聞いてみようと思います。	14	12	1:26:50	1:26:58	1:26:40	1:27:08	20:06:28	Y	92	お店に连络して高冈できるか闻いてみようと思います
113	ネットで靴を買ったら…	履けないこともないけど	9	1	1:43:06	1:43:11	1:42:56	1:43:21	20:22:44	Y	91	はけないこともないけど
113	ネットで靴を買ったら…	履けないこともないけど	9	2	1:43:13	1:43:18	1:43:03	1:43:28	20:22:50	Y	91	はけないこともないけど
113	ネットで靴を買ったら…	履けないこともないけど	9	3	1:44:48	1:44:51	1:44:38	1:45:01	20:24:26	Y	100	履けないこともないけど
113	ネットで靴を買ったら…	履けないこともないけど	9	4	1:45:04	1:45:07	1:44:54	1:45:17	20:24:42	Y	100	履けないこともないけど
113	ネットで靴を買ったら…	履けないこともないけど	9	5	1:45:22	1:45:25	1:45:12	1:45:35	20:24:59	Y	91	开けないこともないけど
113	ネットで靴を買ったら…	履けないこともないけど	9	6	1:47:04	1:47:08	1:46:54	1:47:18	20:26:42	Y	91	はけないこともないけど
113	ネットで靴を買ったら…	履けないこともないけど	9	7	1:47:08	1:47:12	1:46:58	1:47:22	20:26:45	Y	91	はけないこともないけど
113	ネットで靴を買ったら…	履けないこともないけど	9	8	1:47:12	1:47:16	1:47:02	1:47:26	20:26:50	Y	91	はけないこともないけど
113	ネットで靴を買ったら…	履けないこともないけど	9	9	1:50:17	1:50:20	1:50:07	1:50:30	20:29:55	Y	100	履けないこともないけど
114	ネットで靴を買ったら…	さすがにこれでは歩きにくい。	5	1	1:42:57	1:43:02	1:42:47	1:43:12	20:22:34	Y	100	さすがにこれでは歩きにくい
114	ネットで靴を買ったら…	さすがにこれでは歩きにくい。	5	2	1:43:18	1:43:23	1:43:08	1:43:33	20:22:55	Y	100	さすがにこれでは歩きにくい
114	ネットで靴を買ったら…	さすがにこれでは歩きにくい。	5	3	1:48:03	1:48:06	1:47:53	1:48:16	20:27:41	Y	100	さすがにこれでは歩きにくい
114	ネットで靴を買ったら…	さすがにこれでは歩きにくい。	5	4	1:49:48	1:49:51	1:49:38	1:50:01	20:29:25	Y	100	さすがにこれでは歩きにくい
114	ネットで靴を買ったら…	さすがにこれでは歩きにくい。	5	5	1:50:20	1:50:22	1:50:10	1:50:32	20:29:57	Y	100	さすがにこれでは歩きにくい
115	ネットで靴を買ったら…	〜にしても	13	1	1:40:07	1:40:08	1:39:57	1:40:18	20:19:45	Y	100	にしても
115	ネットで靴を買ったら…	〜にしても	13	2	1:40:09	1:40:10	1:39:59	1:40:20	20:19:46	Y	100	にしても
115	ネットで靴を買ったら…	〜にしても	13	3	1:45:11	1:45:12	1:45:01	1:45:22	20:24:49	Y	100	にしても
115	ネットで靴を買ったら…	〜にしても	13	4	1:45:13	1:45:14	1:45:03	1:45:24	20:24:51	Y	100	にしても
115	ネットで靴を買ったら…	〜にしても	13	5	1:45:29	1:45:30	1:45:19	1:45:40	20:25:06	Y	100	にしても
115	ネットで靴を買ったら…	〜にしても	13	6	1:45:31	1:45:32	1:45:21	1:45:42	20:25:09	Y	100	にしても
115	ネットで靴を買ったら…	〜にしても	13	7	1:48:11	1:48:12	1:48:01	1:48:22	20:27:49	Y	100	にしても
115	ネットで靴を買ったら…	〜にしても	13	8	1:48:13	1:48:14	1:48:03	1:48:24	20:27:51	Y	100	にしても
115	ネットで靴を買ったら…	〜にしても	13	9	1:48:18	1:48:19	1:48:08	1:48:29	20:27:55	Y	100	にしても
115	ネットで靴を買ったら…	〜にしても	13	10	1:50:23	1:50:24	1:50:13	1:50:34	20:30:01	Y	100	にしても
115	ネットで靴を買ったら…	〜にしても	13	11	1:50:25	1:50:26	1:50:15	1:50:36	20:30:02	Y	100	にしても
115	ネットで靴を買ったら…	〜にしても	13	12	1:50:32	1:50:33	1:50:22	1:50:43	20:30:10	Y	100	にしても
116	ネットで靴を買ったら…	返品するにしても交換するにしても、とりあえずお店に問い合わせてみるしかないな。	3	1	1:45:10	1:45:19	1:45:00	1:45:29	20:24:48	Y	97	返品するにしても交换するにしてもとりあえずお店に问い合わせて见るしかないな
116	ネットで靴を買ったら…	返品するにしても交換するにしても、とりあえずお店に問い合わせてみるしかないな。	3	2	1:45:28	1:45:39	1:45:18	1:45:49	20:25:05	Y	100	返品するにしても交换するにしてもとりあえずお店に问い合わせてみるしかないな
116	ネットで靴を買ったら…	返品するにしても交換するにしても、とりあえずお店に問い合わせてみるしかないな。	3	3	1:50:22	1:50:30	1:50:12	1:50:40	20:30:00	Y	95	返品するにしても交换するにしてもとりあえずお店员に问い合わせて见るしかない
117	ネットで靴を買ったら…	〜ても	24	1	1:40:08	1:40:08	1:39:58	1:40:18	20:19:45	Y	100	ても
117	ネットで靴を買ったら…	〜ても	24	2	1:40:09	1:40:10	1:39:59	1:40:20	20:19:47	Y	100	ても
117	ネットで靴を買ったら…	〜ても	24	3	1:43:39	1:43:40	1:43:29	1:43:50	20:23:17	Y	100	ても
117	ネットで靴を買ったら…	〜ても	24	4	1:43:42	1:43:43	1:43:32	1:43:53	20:23:20	Y	100	ても
117	ネットで靴を買ったら…	〜ても	24	5	1:45:12	1:45:12	1:45:02	1:45:22	20:24:49	Y	100	ても
117	ネットで靴を買ったら…	〜ても	24	6	1:45:14	1:45:14	1:45:04	1:45:24	20:24:51	Y	100	ても
117	ネットで靴を買ったら…	〜ても	24	7	1:45:29	1:45:30	1:45:19	1:45:40	20:25:07	Y	100	ても
117	ネットで靴を買ったら…	〜ても	24	8	1:45:32	1:45:32	1:45:22	1:45:42	20:25:09	Y	100	ても
117	ネットで靴を買ったら…	〜ても	24	9	1:46:27	1:46:28	1:46:17	1:46:38	20:26:04	Y	100	ても
117	ネットで靴を買ったら…	〜ても	24	10	1:47:27	1:47:28	1:47:17	1:47:38	20:27:05	Y	100	ても
117	ネットで靴を買ったら…	〜ても	24	11	1:47:29	1:47:29	1:47:19	1:47:39	20:27:06	Y	100	ても
117	ネットで靴を買ったら…	〜ても	24	12	1:47:31	1:47:31	1:47:21	1:47:41	20:27:08	Y	100	ても
118	ネットで靴を買ったら…	返品しても交換しても	1	1	1:48:06	1:48:09	1:47:56	1:48:19	20:27:44	Y	100	返品しても交换しても
119	ネットで靴を買ったら…	ネットで靴を買いました。	4	1	1:07:33	1:07:37	1:07:23	1:07:47	19:47:11	Y	100	ネットで靴を买いました
119	ネットで靴を買ったら…	ネットで靴を買いました。	4	2	1:10:07	1:10:10	1:09:57	1:10:20	19:49:45	Y	100	ネットで靴を买いました
119	ネットで靴を買ったら…	ネットで靴を買いました。	4	3	1:15:34	1:15:37	1:15:24	1:15:47	19:55:12	Y	100	ネットで靴を买いました
119	ネットで靴を買ったら…	ネットで靴を買いました。	4	4	1:25:25	1:25:28	1:25:15	1:25:38	20:05:03	Y	100	ネットで靴を买いました
120	ネットで靴を買ったら…	届いてから履いてみたら、サイズが大きすぎました。	3	1	1:07:37	1:07:43	1:07:27	1:07:53	19:47:14	Y	100	届いてから履いてみたらサイズが大きすぎました
120	ネットで靴を買ったら…	届いてから履いてみたら、サイズが大きすぎました。	3	2	1:10:10	1:10:16	1:10:00	1:10:26	19:49:47	Y	100	届いてから履いてみたらサイズが大きすぎました
120	ネットで靴を買ったら…	届いてから履いてみたら、サイズが大きすぎました。	3	3	1:31:57	1:32:05	1:31:47	1:32:15	20:11:35	Y	91	届いては履いてみたらあサイズが大きすぎました
121	ネットで靴を買ったら…	サイズを間違えて注文してしまったようです。	8	1	1:07:43	1:07:48	1:07:33	1:07:58	19:47:20	Y	100	サイズを间违えて注文してしまったようです
121	ネットで靴を買ったら…	サイズを間違えて注文してしまったようです。	8	2	1:09:18	1:09:22	1:09:08	1:09:32	19:48:55	Y	100	サイズを间违えて注文してしまったようです
121	ネットで靴を買ったら…	サイズを間違えて注文してしまったようです。	8	3	1:10:16	1:10:21	1:10:06	1:10:31	19:49:53	Y	100	サイズを间违えて注文してしまったようです
121	ネットで靴を買ったら…	サイズを間違えて注文してしまったようです。	8	4	1:10:47	1:10:51	1:10:37	1:11:01	19:50:25	Y	85	を间违えて注文し注文してしまったようです
121	ネットで靴を買ったら…	サイズを間違えて注文してしまったようです。	8	5	1:15:51	1:15:56	1:15:41	1:16:06	19:55:28	Y	100	サイズを间违えて注文してしまったようです
121	ネットで靴を買ったら…	サイズを間違えて注文してしまったようです。	8	6	1:25:59	1:26:05	1:25:49	1:26:15	20:05:36	Y	100	サイズを间违えて注文してしまったようです
121	ネットで靴を買ったら…	サイズを間違えて注文してしまったようです。	8	7	1:29:14	1:29:20	1:29:04	1:29:30	20:08:52	Y	100	サイズを间违えて注文してしまったようです
121	ネットで靴を買ったら…	サイズを間違えて注文してしまったようです。	8	8	1:32:19	1:32:27	1:32:09	1:32:37	20:11:57	Y	85	サイズを间违えて注文注文してしまったうん
122	ネットで靴を買ったら…	先日ネットで靴を買ったんですけど、履いてみたところサイズが大きすぎました。	1	1	1:10:40	1:10:47	1:10:30	1:10:57	19:50:18	Y	100	先日ネットで靴を买ったんですけど履いてみたところサイズが大きすぎました
123	ネットで靴を買ったら…	楽しみにしていた靴がようやく届いたんだけど、履いてみたら、サイズを間違えて注文していたことに気づいた。	1	1	1:40:40	1:40:50	1:40:30	1:41:00	20:20:18	Y	100	楽しみにしていた靴がようやく届いたんだけど履いてみたらサイズを间违えて注文していたことに気づいた
124	ネットで靴を買ったら…	履けないこともないけど、さすがにこれでは歩きにくい。	2	1	1:43:13	1:43:23	1:43:03	1:43:33	20:22:50	Y	96	はけないこともないけどさすがにこれでは歩きにくい
124	ネットで靴を買ったら…	履けないこともないけど、さすがにこれでは歩きにくい。	2	2	1:50:17	1:50:22	1:50:07	1:50:32	20:29:55	Y	100	履けないこともないけどさすがにこれでは歩きにくい
125	ネットで靴を買ったら…	サイズが大きすぎました。	8	1	1:07:40	1:07:43	1:07:30	1:07:53	19:47:18	Y	100	サイズが大きすぎました
125	ネットで靴を買ったら…	サイズが大きすぎました。	8	2	1:09:14	1:09:16	1:09:04	1:09:26	19:48:51	Y	91	サイズが大きいすぎまし
125	ネットで靴を買ったら…	サイズが大きすぎました。	8	3	1:10:13	1:10:16	1:10:03	1:10:26	19:49:50	Y	100	サイズが大きすぎました
125	ネットで靴を買ったら…	サイズが大きすぎました。	8	4	1:10:44	1:10:47	1:10:34	1:10:57	19:50:22	Y	100	サイズが大きすぎました
125	ネットで靴を買ったら…	サイズが大きすぎました。	8	5	1:15:47	1:15:50	1:15:37	1:16:00	19:55:25	Y	100	サイズが大きすぎました
125	ネットで靴を買ったら…	サイズが大きすぎました。	8	6	1:25:55	1:25:59	1:25:45	1:26:09	20:05:33	Y	100	サイズが大きすぎました
125	ネットで靴を買ったら…	サイズが大きすぎました。	8	7	1:29:10	1:29:13	1:29:00	1:29:23	20:08:47	Y	100	サイズが大きすぎました
125	ネットで靴を買ったら…	サイズが大きすぎました。	8	8	1:32:01	1:32:05	1:31:51	1:32:15	20:11:39	Y	100	サイズが大きすぎました
126	ネットで靴を買ったら…	交換できるか聞いてみようと思います。	14	1	1:07:50	1:07:54	1:07:40	1:08:04	19:47:27	Y	100	交换できるか闻いてみようと思います
126	ネットで靴を買ったら…	交換できるか聞いてみようと思います。	14	2	1:09:25	1:09:30	1:09:15	1:09:40	19:49:03	Y	100	交换できるか闻いてみようと思います
126	ネットで靴を買ったら…	交換できるか聞いてみようと思います。	14	3	1:09:49	1:09:53	1:09:39	1:10:03	19:49:26	Y	88	沟通できるか闻いてみようと思います
126	ネットで靴を買ったら…	交換できるか聞いてみようと思います。	14	4	1:10:23	1:10:27	1:10:13	1:10:37	19:50:00	Y	100	交换できるか闻いてみようと思います
126	ネットで靴を買ったら…	交換できるか聞いてみようと思います。	14	5	1:10:52	1:10:55	1:10:42	1:11:05	19:50:30	Y	100	交换できるか闻いてみようと思います
126	ネットで靴を買ったら…	交換できるか聞いてみようと思います。	14	6	1:11:53	1:11:57	1:11:43	1:12:07	19:51:30	Y	88	交换できるか闻いてみようとみます后
126	ネットで靴を買ったら…	交換できるか聞いてみようと思います。	14	7	1:14:13	1:14:17	1:14:03	1:14:27	19:53:51	Y	100	交换できるか闻いてみようと思います
126	ネットで靴を買ったら…	交換できるか聞いてみようと思います。	14	8	1:15:59	1:16:03	1:15:49	1:16:13	19:55:36	Y	88	换できるか闻いてみようと思っていま
126	ネットで靴を買ったら…	交換できるか聞いてみようと思います。	14	9	1:17:11	1:17:17	1:17:01	1:17:27	19:56:49	Y	100	交换できるか闻いてみようと思います
126	ネットで靴を買ったら…	交換できるか聞いてみようと思います。	14	10	1:17:47	1:17:53	1:17:37	1:18:03	19:57:25	Y	100	交换できるか闻いてみようと思います
126	ネットで靴を買ったら…	交換できるか聞いてみようと思います。	14	11	1:19:18	1:19:25	1:19:08	1:19:35	19:58:56	Y	100	交换できるか闻いてみようと思います
126	ネットで靴を買ったら…	交換できるか聞いてみようと思います。	14	12	1:26:32	1:26:38	1:26:22	1:26:48	20:06:10	Y	100	交换できるか闻いてみようと思います
127	ネットで靴を買ったら…	履けないこともないけど。	9	1	1:43:06	1:43:11	1:42:56	1:43:21	20:22:44	Y	91	はけないこともないけど
127	ネットで靴を買ったら…	履けないこともないけど。	9	2	1:43:13	1:43:18	1:43:03	1:43:28	20:22:50	Y	91	はけないこともないけど
127	ネットで靴を買ったら…	履けないこともないけど。	9	3	1:44:48	1:44:51	1:44:38	1:45:01	20:24:26	Y	100	履けないこともないけど
127	ネットで靴を買ったら…	履けないこともないけど。	9	4	1:45:04	1:45:07	1:44:54	1:45:17	20:24:42	Y	100	履けないこともないけど
127	ネットで靴を買ったら…	履けないこともないけど。	9	5	1:45:22	1:45:25	1:45:12	1:45:35	20:24:59	Y	91	开けないこともないけど
127	ネットで靴を買ったら…	履けないこともないけど。	9	6	1:47:04	1:47:08	1:46:54	1:47:18	20:26:42	Y	91	はけないこともないけど
127	ネットで靴を買ったら…	履けないこともないけど。	9	7	1:47:08	1:47:12	1:46:58	1:47:22	20:26:45	Y	91	はけないこともないけど
127	ネットで靴を買ったら…	履けないこともないけど。	9	8	1:47:12	1:47:16	1:47:02	1:47:26	20:26:50	Y	91	はけないこともないけど
127	ネットで靴を買ったら…	履けないこともないけど。	9	9	1:50:17	1:50:20	1:50:07	1:50:30	20:29:55	Y	100	履けないこともないけど
128	ネットで靴を買ったら…	とりあえずお店に問い合わせてみるしかないな。	5	1	1:40:18	1:40:23	1:40:08	1:40:33	20:19:56	Y	90	とりあえずお店に问い合わせて见るしかない都
128	ネットで靴を買ったら…	とりあえずお店に問い合わせてみるしかないな。	5	2	1:45:14	1:45:19	1:45:04	1:45:29	20:24:52	Y	95	とりあえずお店に问い合わせて见るしかないな
128	ネットで靴を買ったら…	とりあえずお店に問い合わせてみるしかないな。	5	3	1:45:32	1:45:39	1:45:22	1:45:49	20:25:10	Y	100	とりあえずお店に问い合わせてみるしかないな
128	ネットで靴を買ったら…	とりあえずお店に問い合わせてみるしかないな。	5	4	1:48:27	1:48:33	1:48:17	1:48:43	20:28:05	Y	90	呢とりあえずお店に问い合わせて见るしかない
128	ネットで靴を買ったら…	とりあえずお店に問い合わせてみるしかないな。	5	5	1:50:26	1:50:30	1:50:16	1:50:40	20:30:03	Y	90	とりあえずお店员に问い合わせて见るしかない
129	語法複習：能力形與被動形	名詞＋できる	0									（逐字稿裡找不到）
130	語法複習：能力形與被動形	ドラムができる	2	1	1:51:02	1:51:04	1:50:52	1:51:14	20:30:40	Y	100	ドラムができる
130	語法複習：能力形與被動形	ドラムができる	2	2	1:51:08	1:51:09	1:50:58	1:51:19	20:30:45	Y	100	ドラムができる
131	語法複習：能力形與被動形	テニスができる	1	1	1:53:24	1:53:26	1:53:14	1:53:36	20:33:02	Y	100	テニスができる
132	語法複習：能力形與被動形	原形動詞＋ことができる	0									（逐字稿裡找不到）
133	語法複習：能力形與被動形	ドラムを叩くことができる	1	1	1:51:13	1:51:20	1:51:03	1:51:30	20:30:50	Y	100	ドラムを叩くことができる
134	語法複習：能力形與被動形	ピアノを弾くことができる	0									（逐字稿裡找不到）
135	語法複習：能力形與被動形	動詞の能力形	0									（逐字稿裡找不到）
136	語法複習：能力形與被動形	作る	0									（逐字稿裡找不到）
137	語法複習：能力形與被動形	作れる	0									（逐字稿裡找不到）
138	語法複習：能力形與被動形	見る	1	1	1:50:29	1:50:29	1:50:19	1:50:39	20:30:06	Y	100	见る
139	語法複習：能力形與被動形	見られる	0									（逐字稿裡找不到）
140	語法複習：能力形與被動形	訪ねる	0									（逐字稿裡找不到）
141	語法複習：能力形與被動形	訪ねられる	0									（逐字稿裡找不到）
142	語法複習：能力形與被動形	来る	0									（逐字稿裡找不到）
143	語法複習：能力形與被動形	来られる	0									（逐字稿裡找不到）
144	語法複習：能力形與被動形	する	8	1	1:50:23	1:50:23	1:50:13	1:50:33	20:30:00	Y	100	する
144	語法複習：能力形與被動形	する	8	2	1:50:24	1:50:25	1:50:14	1:50:35	20:30:02	Y	100	する
144	語法複習：能力形與被動形	する	8	3	1:50:32	1:50:32	1:50:22	1:50:42	20:30:09	Y	100	する
144	語法複習：能力形與被動形	する	8	4	1:50:33	1:50:34	1:50:23	1:50:44	20:30:11	Y	100	する
144	語法複習：能力形與被動形	する	8	5	1:50:36	1:50:36	1:50:26	1:50:46	20:30:14	Y	100	する
144	語法複習：能力形與被動形	する	8	6	1:53:28	1:53:29	1:53:18	1:53:39	20:33:06	Y	100	する
144	語法複習：能力形與被動形	する	8	7	1:58:04	1:58:05	1:57:54	1:58:15	20:37:42	Y	100	する
144	語法複習：能力形與被動形	する	8	8	2:06:52	2:06:53	2:06:42	2:07:03	20:46:29	Y	100	する
145	語法複習：能力形與被動形	できる	11	1	1:50:55	1:50:55	1:50:45	1:51:05	20:30:32	Y	100	できる
145	語法複習：能力形與被動形	できる	11	2	1:50:59	1:51:00	1:50:49	1:51:10	20:30:37	Y	100	できる
145	語法複習：能力形與被動形	できる	11	3	1:51:03	1:51:04	1:50:53	1:51:14	20:30:41	Y	100	できる
145	語法複習：能力形與被動形	できる	11	4	1:51:09	1:51:09	1:50:59	1:51:19	20:30:46	Y	100	できる
145	語法複習：能力形與被動形	できる	11	5	1:51:18	1:51:20	1:51:08	1:51:30	20:30:56	Y	100	できる
145	語法複習：能力形與被動形	できる	11	6	1:53:14	1:53:14	1:53:04	1:53:24	20:32:51	Y	100	できる
145	語法複習：能力形與被動形	できる	11	7	1:53:17	1:53:17	1:53:07	1:53:27	20:32:54	Y	100	できる
145	語法複習：能力形與被動形	できる	11	8	1:53:24	1:53:24	1:53:14	1:53:34	20:33:01	Y	100	できる
145	語法複習：能力形與被動形	できる	11	9	1:53:25	1:53:26	1:53:15	1:53:36	20:33:03	Y	100	できる
145	語法複習：能力形與被動形	できる	11	10	1:53:30	1:53:30	1:53:20	1:53:40	20:33:07	Y	100	できる
145	語法複習：能力形與被動形	できる	11	11	1:58:07	1:58:09	1:57:57	1:58:19	20:37:44	Y	100	できる
146	語法複習：能力形與被動形	可能形	0									（逐字稿裡找不到）
147	語法複習：能力形與被動形	自分が〜できる	0									（逐字稿裡找不到）
148	語法複習：能力形與被動形	受け身	0									（逐字稿裡找不到）
149	語法複習：能力形與被動形	他の人から〜される	0									（逐字稿裡找不到）
150	語法複習：能力形與被動形	叩く	1	1	1:51:15	1:51:17	1:51:05	1:51:27	20:30:53	Y	100	叩く
151	語法複習：能力形與被動形	叩ける	0									（逐字稿裡找不到）
152	語法複習：能力形與被動形	叩かれる	0									（逐字稿裡找不到）
153	語法複習：能力形與被動形	作られる	0									（逐字稿裡找不到）
154	語法複習：能力形與被動形	食べる	0									（逐字稿裡找不到）
155	語法複習：能力形與被動形	食べられる	2	1	2:19:03	2:19:04	2:18:53	2:19:14	20:58:41	Y	100	食べられる
155	語法複習：能力形與被動形	食べられる	2	2	2:19:07	2:19:08	2:18:57	2:19:18	20:58:45	Y	100	食べられる
156	語法複習：能力形與被動形	される	6	1	2:16:57	2:16:58	2:16:47	2:17:08	20:56:34	Y	100	される
156	語法複習：能力形與被動形	される	6	2	2:17:08	2:17:09	2:16:58	2:17:19	20:56:45	Y	100	される
156	語法複習：能力形與被動形	される	6	3	2:17:09	2:17:11	2:16:59	2:17:21	20:56:47	Y	100	される
156	語法複習：能力形與被動形	される	6	4	2:17:12	2:17:13	2:17:02	2:17:23	20:56:49	Y	100	される
156	語法複習：能力形與被動形	される	6	5	2:18:10	2:18:11	2:18:00	2:18:21	20:57:48	Y	100	される
156	語法複習：能力形與被動形	される	6	6	2:18:12	2:18:13	2:18:02	2:18:23	20:57:50	Y	100	される
157	語法複習：能力形與被動形	塗る	0									（逐字稿裡找不到）
158	語法複習：能力形與被動形	塗れる	0									（逐字稿裡找不到）
159	語法複習：能力形與被動形	塗られる	0									（逐字稿裡找不到）
160	語法複習：能力形與被動形	のし上がる	2	1	2:06:03	2:06:05	2:05:53	2:06:15	20:45:40	Y	100	のし上がる
160	語法複習：能力形與被動形	のし上がる	2	2	2:06:05	2:06:07	2:05:55	2:06:17	20:45:42	Y	100	のし上がる
161	語法複習：能力形與被動形	のし上がれる	0									（逐字稿裡找不到）
162	語法複習：能力形與被動形	生き延びる	2	1	2:06:16	2:06:19	2:06:06	2:06:29	20:45:53	Y	100	生き延びる
162	語法複習：能力形與被動形	生き延びる	2	2	2:06:21	2:06:24	2:06:11	2:06:34	20:45:58	Y	100	生き延びる
163	語法複習：能力形與被動形	生き延びられる	6	1	2:09:33	2:09:35	2:09:23	2:09:45	20:49:10	Y	86	讲生き延びれる
163	語法複習：能力形與被動形	生き延びられる	6	2	2:09:35	2:09:37	2:09:25	2:09:47	20:49:13	Y	100	生き延びられる
163	語法複習：能力形與被動形	生き延びられる	6	3	2:09:40	2:09:42	2:09:30	2:09:52	20:49:18	Y	86	す生き延びれる
163	語法複習：能力形與被動形	生き延びられる	6	4	2:09:42	2:09:44	2:09:32	2:09:54	20:49:20	Y	100	生き延びられる
163	語法複習：能力形與被動形	生き延びられる	6	5	2:09:50	2:09:52	2:09:40	2:10:02	20:49:27	Y	100	生き延びられる
163	語法複習：能力形與被動形	生き延びられる	6	6	2:09:54	2:09:56	2:09:44	2:10:06	20:49:31	Y	86	ン生き延びられ
164	語法複習：能力形與被動形	稼ぐ	2	1	2:06:26	2:06:27	2:06:16	2:06:37	20:46:03	Y	100	稼ぐ
164	語法複習：能力形與被動形	稼ぐ	2	2	2:06:29	2:06:30	2:06:19	2:06:40	20:46:06	Y	100	稼ぐ
165	語法複習：能力形與被動形	稼げる	0									（逐字稿裡找不到）
166	語法複習：能力形與被動形	稼がれる	0									（逐字稿裡找不到）
167	語法複習：能力形與被動形	勉強し始める	1	1	2:06:37	2:06:41	2:06:27	2:06:51	20:46:14	Y	100	勉强し始める
168	語法複習：能力形與被動形	勉強し始められる	0									（逐字稿裡找不到）
169	語法複習：能力形與被動形	登る	0									（逐字稿裡找不到）
170	語法複習：能力形與被動形	登れる	0									（逐字稿裡找不到）
171	語法複習：能力形與被動形	登られる	0									（逐字稿裡找不到）
172	語法複習：能力形與被動形	コピーする	0									（逐字稿裡找不到）
173	語法複習：能力形與被動形	コピーできる	0									（逐字稿裡找不到）
174	語法複習：能力形與被動形	コピーされる	0									（逐字稿裡找不到）
175	語法複習：能力形與被動形	使う	3	1	2:13:03	2:13:04	2:12:53	2:13:14	20:52:41	Y	100	使う
175	語法複習：能力形與被動形	使う	3	2	2:13:04	2:13:05	2:12:54	2:13:15	20:52:42	Y	100	使う
175	語法複習：能力形與被動形	使う	3	3	2:13:06	2:13:07	2:12:56	2:13:17	20:52:43	Y	100	使う
176	語法複習：能力形與被動形	使える	0									（逐字稿裡找不到）
177	語法複習：能力形與被動形	使われる	0									（逐字稿裡找不到）
178	語法複習：能力形與被動形	笑う	0									（逐字稿裡找不到）
179	語法複習：能力形與被動形	笑える	0									（逐字稿裡找不到）
180	語法複習：能力形與被動形	笑われる	0									（逐字稿裡找不到）
181	語法複習：能力形與被動形	言う	0									（逐字稿裡找不到）
182	語法複習：能力形與被動形	言える	2	1	2:18:16	2:18:17	2:18:06	2:18:27	20:57:54	Y	100	言える
182	語法複習：能力形與被動形	言える	2	2	2:18:18	2:18:19	2:18:08	2:18:29	20:57:56	Y	100	言える
183	語法複習：能力形與被動形	言われる	1	1	2:18:26	2:18:27	2:18:16	2:18:37	20:58:04	Y	100	言われる
184	語法複習：能力形與被動形	割られる	0									（逐字稿裡找不到）
185	語法複習：能力形與被動形	汚す	3	1	2:17:01	2:17:02	2:16:51	2:17:12	20:56:39	Y	100	汚す
185	語法複習：能力形與被動形	汚す	3	2	2:17:06	2:17:06	2:16:56	2:17:16	20:56:43	Y	100	汚す
185	語法複習：能力形與被動形	汚す	3	3	2:17:06	2:17:07	2:16:56	2:17:17	20:56:44	Y	100	汚す
186	語法複習：能力形與被動形	汚せる	0									（逐字稿裡找不到）
187	語法複習：能力形與被動形	汚される	4	1	2:16:57	2:16:58	2:16:47	2:17:08	20:56:34	Y	100	汚される
187	語法複習：能力形與被動形	汚される	4	2	2:17:07	2:17:09	2:16:57	2:17:19	20:56:45	Y	100	汚される
187	語法複習：能力形與被動形	汚される	4	3	2:17:09	2:17:11	2:16:59	2:17:21	20:56:46	Y	100	汚される
187	語法複習：能力形與被動形	汚される	4	4	2:17:11	2:17:13	2:17:01	2:17:23	20:56:49	Y	100	汚される
188	語法複習：能力形與被動形	引っ張る	0									（逐字稿裡找不到）
189	語法複習：能力形與被動形	引っ張れる	0									（逐字稿裡找不到）
190	語法複習：能力形與被動形	引っ張られる	2	1	2:17:59	2:18:01	2:17:49	2:18:11	20:57:36	Y	100	引っ张られる
190	語法複習：能力形與被動形	引っ張られる	2	2	2:18:01	2:18:03	2:17:51	2:18:13	20:57:39	Y	100	引っ张られる
191	語法複習：能力形與被動形	かける	6	1	2:17:15	2:17:17	2:17:05	2:17:27	20:56:53	Y	100	かける
191	語法複習：能力形與被動形	かける	6	2	2:17:17	2:17:18	2:17:07	2:17:28	20:56:54	Y	100	かける
191	語法複習：能力形與被動形	かける	6	3	2:18:29	2:18:30	2:18:19	2:18:40	20:58:06	Y	100	かける
191	語法複習：能力形與被動形	かける	6	4	2:18:34	2:18:35	2:18:24	2:18:45	20:58:11	Y	100	かける
191	語法複習：能力形與被動形	かける	6	5	2:18:36	2:18:37	2:18:26	2:18:47	20:58:14	Y	100	かける
191	語法複習：能力形與被動形	かける	6	6	2:18:38	2:18:39	2:18:28	2:18:49	20:58:15	Y	100	かける
192	語法複習：能力形與被動形	かけられる	2	1	2:18:55	2:18:56	2:18:45	2:19:06	20:58:32	Y	100	かけられる
192	語法複習：能力形與被動形	かけられる	2	2	2:19:00	2:19:01	2:18:50	2:19:11	20:58:38	Y	100	かけられる
193	語法複習：能力形與被動形	生き延びられた	4	1	2:09:35	2:09:37	2:09:25	2:09:47	20:49:13	Y	86	生き延びられる
193	語法複習：能力形與被動形	生き延びられた	4	2	2:09:42	2:09:44	2:09:32	2:09:54	20:49:20	Y	86	生き延びられる
193	語法複習：能力形與被動形	生き延びられた	4	3	2:09:49	2:09:51	2:09:39	2:10:01	20:49:27	Y	86	对生き延びられ
193	語法複習：能力形與被動形	生き延びられた	4	4	2:09:54	2:09:56	2:09:44	2:10:06	20:49:32	Y	100	生き延びられた
194	語法複習：能力形與被動形	心から笑える	0									（逐字稿裡找不到）
195	語法複習：能力形與被動形	先に登られた	0									（逐字稿裡找不到）
196	語法複習：能力形與被動形	エンジンをかけられる	2	1	2:18:54	2:18:56	2:18:44	2:19:06	20:58:31	Y	90	エンジンがかけられる
196	語法複習：能力形與被動形	エンジンをかけられる	2	2	2:18:59	2:19:01	2:18:49	2:19:11	20:58:36	Y	100	エンジンをかけられる
197	新聞：「ありえない所」から車衝突	カラーコーン	0									（逐字稿裡找不到）
198	新聞：「ありえない所」から車衝突	ブレーキを踏む	3	1	2:46:42	2:46:43	2:46:32	2:46:53	21:26:19	Y	86	ブレーキを踏ん
198	新聞：「ありえない所」から車衝突	ブレーキを踏む	3	2	2:47:26	2:47:28	2:47:16	2:47:38	21:27:03	Y	86	あブレーキを踏
198	新聞：「ありえない所」から車衝突	ブレーキを踏む	3	3	2:47:39	2:47:41	2:47:29	2:47:51	21:27:16	Y	86	ブレーキを踏ん
199	新聞：「ありえない所」から車衝突	軽自動車	2	1	2:26:52	2:26:53	2:26:42	2:27:03	21:06:29	Y	100	軽自动车
199	新聞：「ありえない所」から車衝突	軽自動車	2	2	2:40:22	2:40:23	2:40:12	2:40:33	21:19:59	Y	100	軽自动车
200	新聞：「ありえない所」から車衝突	同乗者	2	1	2:21:49	2:21:50	2:21:39	2:22:00	21:01:26	Y	100	同乗者
200	新聞：「ありえない所」から車衝突	同乗者	2	2	2:26:54	2:26:55	2:26:44	2:27:05	21:06:31	Y	100	同乗者
201	新聞：「ありえない所」から車衝突	目撃者	3	1	2:26:00	2:26:00	2:25:50	2:26:10	21:05:37	Y	100	目撃者
201	新聞：「ありえない所」から車衝突	目撃者	3	2	2:28:12	2:28:13	2:28:02	2:28:23	21:07:50	Y	100	目撃者
201	新聞：「ありえない所」から車衝突	目撃者	3	3	2:28:34	2:28:36	2:28:24	2:28:46	21:08:12	Y	100	目撃者
202	新聞：「ありえない所」から車衝突	高齢者	2	1	2:26:26	2:26:26	2:26:16	2:26:36	21:06:03	Y	100	高齢者
202	新聞：「ありえない所」から車衝突	高齢者	2	2	2:40:24	2:40:24	2:40:14	2:40:34	21:20:01	Y	100	高齢者
203	新聞：「ありえない所」から車衝突	一言	4	1	2:21:53	2:21:54	2:21:43	2:22:04	21:01:31	Y	100	一言
203	新聞：「ありえない所」から車衝突	一言	4	2	2:26:17	2:26:18	2:26:07	2:26:28	21:05:55	Y	100	一言
203	新聞：「ありえない所」から車衝突	一言	4	3	2:33:12	2:33:12	2:33:02	2:33:22	21:12:49	Y	100	一言
203	新聞：「ありえない所」から車衝突	一言	4	4	2:38:58	2:38:59	2:38:48	2:39:09	21:18:36	Y	100	一言
204	新聞：「ありえない所」から車衝突	呆然	0									（逐字稿裡找不到）
205	新聞：「ありえない所」から車衝突	道路脇	1	1	2:25:57	2:25:58	2:25:47	2:26:08	21:05:35	Y	100	道路脇
206	新聞：「ありえない所」から車衝突	なぎ倒す	0									（逐字稿裡找不到）
207	新聞：「ありえない所」から車衝突	なぎ倒します	0									（逐字稿裡找不到）
208	新聞：「ありえない所」から車衝突	効く	0									（逐字稿裡找不到）
209	新聞：「ありえない所」から車衝突	効きます	0									（逐字稿裡找不到）
210	新聞：「ありえない所」から車衝突	救急搬送する	0									（逐字稿裡找不到）
211	新聞：「ありえない所」から車衝突	現れる	10	1	2:35:14	2:35:15	2:35:04	2:35:25	21:14:52	Y	100	现れる
211	新聞：「ありえない所」から車衝突	現れる	10	2	2:35:15	2:35:16	2:35:05	2:35:26	21:14:52	Y	100	现れる
211	新聞：「ありえない所」から車衝突	現れる	10	3	2:35:23	2:35:24	2:35:13	2:35:34	21:15:01	Y	100	现れる
211	新聞：「ありえない所」から車衝突	現れる	10	4	2:36:49	2:36:50	2:36:39	2:37:00	21:16:27	Y	100	现れる
211	新聞：「ありえない所」から車衝突	現れる	10	5	2:36:51	2:36:52	2:36:41	2:37:02	21:16:28	Y	100	现れる
211	新聞：「ありえない所」から車衝突	現れる	10	6	2:37:04	2:37:05	2:36:54	2:37:15	21:16:42	Y	100	现れる
211	新聞：「ありえない所」から車衝突	現れる	10	7	2:37:38	2:37:39	2:37:28	2:37:49	21:17:15	Y	100	现れる
211	新聞：「ありえない所」から車衝突	現れる	10	8	2:37:39	2:37:40	2:37:29	2:37:50	21:17:17	Y	100	现れる
211	新聞：「ありえない所」から車衝突	現れる	10	9	2:37:40	2:37:41	2:37:30	2:37:51	21:17:18	Y	100	现れる
211	新聞：「ありえない所」から車衝突	現れる	10	10	2:37:51	2:37:52	2:37:41	2:38:02	21:17:29	Y	100	现れる
212	新聞：「ありえない所」から車衝突	現れます	0									（逐字稿裡找不到）
213	新聞：「ありえない所」から車衝突	ぶつかる	3	1	2:28:49	2:28:51	2:28:39	2:29:01	21:08:26	Y	100	ぶつかる
213	新聞：「ありえない所」から車衝突	ぶつかる	3	2	2:29:03	2:29:05	2:28:53	2:29:15	21:08:40	Y	100	ぶつかる
213	新聞：「ありえない所」から車衝突	ぶつかる	3	3	2:32:46	2:32:47	2:32:36	2:32:57	21:12:24	Y	100	ぶつかる
214	新聞：「ありえない所」から車衝突	ぶつかります	0									（逐字稿裡找不到）
215	新聞：「ありえない所」から車衝突	ぶつける	2	1	2:28:53	2:28:55	2:28:43	2:29:05	21:08:31	Y	100	ぶつける
215	新聞：「ありえない所」から車衝突	ぶつける	2	2	2:29:05	2:29:07	2:28:55	2:29:17	21:08:42	Y	100	ぶつける
216	新聞：「ありえない所」から車衝突	ぶつけます	0									（逐字稿裡找不到）
217	新聞：「ありえない所」から車衝突	車を壁にぶつけました。	1	1	2:32:30	2:32:32	2:32:20	2:32:42	21:12:08	Y	100	车を壁にぶつけました
218	新聞：「ありえない所」から車衝突	車が壁にぶつかった。	0									（逐字稿裡找不到）
219	新聞：「ありえない所」から車衝突	この薬は効かなかった。	0									（逐字稿裡找不到）
220	新聞：「ありえない所」から車衝突	カラーコーンをなぎ倒し、道路脇の壁に衝突。	0									（逐字稿裡找不到）
221	新聞：「ありえない所」から車衝突	目撃者の車にもぶつかりました。	2	1	2:26:00	2:26:03	2:25:50	2:26:13	21:05:37	Y	100	目撃者の车にもぶつかりました
221	新聞：「ありえない所」から車衝突	目撃者の車にもぶつかりました。	2	2	2:28:34	2:28:42	2:28:24	2:28:52	21:08:12	Y	100	目撃者の车にもぶつかりました
222	新聞：「ありえない所」から車衝突	最初、後ろで何か事故があったのかなというふうに思ってたところ、	4	1	2:26:03	2:26:10	2:25:53	2:26:20	21:05:41	Y	100	最初后ろで何か事故があったのかなというふうに思ってたところ
222	新聞：「ありえない所」から車衝突	最初、後ろで何か事故があったのかなというふうに思ってたところ、	4	2	2:32:59	2:33:06	2:32:49	2:33:16	21:12:37	Y	100	最初后ろで何か事故があったのかなというふうに思ってたところ
222	新聞：「ありえない所」から車衝突	最初、後ろで何か事故があったのかなというふうに思ってたところ、	4	3	2:33:01	2:33:06	2:32:51	2:33:16	21:12:38	Y	86	事故があったのかなというふうに思ってたところ
222	新聞：「ありえない所」から車衝突	最初、後ろで何か事故があったのかなというふうに思ってたところ、	4	4	2:33:21	2:33:28	2:33:11	2:33:38	21:12:59	Y	86	だ后ろで何か事故があったかなっていうふうに思っていたところ
223	新聞：「ありえない所」から車衝突	急に左側に車が現れたので、もう驚いたっていう、	3	1	2:26:10	2:26:16	2:26:00	2:26:26	21:05:48	Y	100	急に左侧に车が现れたのでもう惊いたっていう
223	新聞：「ありえない所」から車衝突	急に左側に車が現れたので、もう驚いたっていう、	3	2	2:33:06	2:33:11	2:32:56	2:33:21	21:12:43	Y	100	急に左侧に车が现れたのでもう惊いたっていう
223	新聞：「ありえない所」から車衝突	急に左側に車が現れたので、もう驚いたっていう、	3	3	2:38:51	2:38:57	2:38:41	2:39:07	21:18:28	Y	100	急に左侧に车が现れたのでもう惊いたっていう
224	新聞：「ありえない所」から車衝突	まさにその一言ですね。どこから来たんだっていう。	2	1	2:26:16	2:26:21	2:26:06	2:26:31	21:05:53	Y	100	まさにその一言ですねどこから来たんだっていう
224	新聞：「ありえない所」から車衝突	まさにその一言ですね。どこから来たんだっていう。	2	2	2:38:57	2:39:03	2:38:47	2:39:13	21:18:34	Y	100	まさにその一言ですねどこから来たんだっていう
225	新聞：「ありえない所」から車衝突	警視庁によると、軽自動車の運転手は高齢者でした。	2	1	2:26:21	2:26:27	2:26:11	2:26:37	21:05:59	Y	100	警视庁によると軽自动车の运転手は高齢者でした
225	新聞：「ありえない所」から車衝突	警視庁によると、軽自動車の運転手は高齢者でした。	2	2	2:40:20	2:40:25	2:40:10	2:40:35	21:19:58	Y	100	警视庁によると軽自动车の运転手は高齢者でした
226	新聞：「ありえない所」から車衝突	様子を見に行った時には、なんかもう呆然というか、	2	1	2:26:27	2:26:33	2:26:17	2:26:43	21:06:05	Y	95	様子を见に行った时にはなんかもう茫然というか
226	新聞：「ありえない所」から車衝突	様子を見に行った時には、なんかもう呆然というか、	2	2	2:40:59	2:41:03	2:40:49	2:41:13	21:20:36	Y	95	様子を见に行った时にはなんかもう暴然というか
227	新聞：「ありえない所」から車衝突	なんかわけわかんない状態だったみたいですね。	2	1	2:26:33	2:26:38	2:26:23	2:26:48	21:06:10	Y	100	なんかわけわかんない状态だったみたいですね
227	新聞：「ありえない所」から車衝突	なんかわけわかんない状態だったみたいですね。	2	2	2:41:03	2:41:07	2:40:53	2:41:17	21:20:41	Y	100	なんかわけわかんない状态だったみたいですね
228	新聞：「ありえない所」から車衝突	どうしたのって聞いたら、いやブレーキ踏んだんだけど効かなかったっていうようなことを言ってたので。	2	1	2:26:38	2:26:50	2:26:28	2:27:00	21:06:16	Y	100	どうしたのって闻いたらいやブレーキ踏んだんだけど効かなかったっていうようなことを言ってたので
228	新聞：「ありえない所」から車衝突	どうしたのって聞いたら、いやブレーキ踏んだんだけど効かなかったっていうようなことを言ってたので。	2	2	2:42:32	2:42:44	2:42:22	2:42:54	21:22:09	Y	100	どうしたのって闻いたらいやブレーキ踏んだんだけど効かなかったっていうようなことを言ってたので
229	新聞：「ありえない所」から車衝突	軽自動車の運転手と同乗者の2人は怪我をして救急搬送されていて、	1	1	2:26:52	2:26:59	2:26:42	2:27:09	21:06:29	Y	100	軽自动车の运転手と同乗者の2人は怪我をして救急搬送されていて
230	新聞：「ありえない所」から車衝突	警視庁が詳しい状況を調べています。	1	1	2:26:59	2:27:03	2:26:49	2:27:13	21:06:37	Y	100	警视庁が详しい状况を调べています
231	新聞：「ありえない所」から車衝突	〜たところ	12	1	1:10:44	1:10:44	1:10:34	1:10:54	19:50:21	N	100	たところ
231	新聞：「ありえない所」から車衝突	〜たところ	12	2	1:11:10	1:11:11	1:11:00	1:11:21	19:50:48	N	100	たところ
231	新聞：「ありえない所」から車衝突	〜たところ	12	3	1:11:13	1:11:14	1:11:03	1:11:24	19:50:51	N	100	たところ
231	新聞：「ありえない所」から車衝突	〜たところ	12	4	1:11:21	1:11:22	1:11:11	1:11:32	19:50:58	N	100	たところ
231	新聞：「ありえない所」から車衝突	〜たところ	12	5	1:12:43	1:12:44	1:12:33	1:12:54	19:52:21	N	100	たところ
231	新聞：「ありえない所」から車衝突	〜たところ	12	6	1:15:38	1:15:39	1:15:28	1:15:49	19:55:15	N	100	たところ
231	新聞：「ありえない所」から車衝突	〜たところ	12	7	1:15:42	1:15:43	1:15:32	1:15:53	19:55:20	N	100	たところ
231	新聞：「ありえない所」から車衝突	〜たところ	12	8	1:15:46	1:15:47	1:15:36	1:15:57	19:55:24	N	100	たところ
231	新聞：「ありえない所」から車衝突	〜たところ	12	9	1:18:49	1:18:50	1:18:39	1:19:00	19:58:26	N	100	たところ
231	新聞：「ありえない所」から車衝突	〜たところ	12	10	2:26:09	2:26:10	2:25:59	2:26:20	21:05:47	Y	100	たところ
231	新聞：「ありえない所」から車衝突	〜たところ	12	11	2:33:05	2:33:06	2:32:55	2:33:16	21:12:43	Y	100	たところ
231	新聞：「ありえない所」から車衝突	〜たところ	12	12	2:33:27	2:33:28	2:33:17	2:33:38	21:13:04	Y	100	たところ
232	新聞：「ありえない所」から車衝突	事故があったのかなと思っていたところ、	0									（逐字稿裡找不到）
233	新聞：「ありえない所」から車衝突	〜時	-									（太短，不定位）
234	新聞：「ありえない所」から車衝突	様子を見に行った時には	2	1	2:26:27	2:26:30	2:26:17	2:26:40	21:06:05	Y	100	様子を见に行った时には
234	新聞：「ありえない所」から車衝突	様子を見に行った時には	2	2	2:40:59	2:41:01	2:40:49	2:41:11	21:20:36	Y	100	様子を见に行った时には
235	新聞：「ありえない所」から車衝突	急に左側に車が現れた	3	1	2:26:10	2:26:13	2:26:00	2:26:23	21:05:48	Y	100	急に左侧に车が现れた
235	新聞：「ありえない所」から車衝突	急に左側に車が現れた	3	2	2:33:06	2:33:08	2:32:56	2:33:18	21:12:43	Y	100	急に左侧に车が现れた
235	新聞：「ありえない所」から車衝突	急に左側に車が現れた	3	3	2:38:51	2:38:54	2:38:41	2:39:04	21:18:28	Y	100	急に左侧に车が现れた
236	新聞：「ありえない所」から車衝突	左側にスタバが見えます	0									（逐字稿裡找不到）
237	新聞：「ありえない所」から車衝突	心配しないでください。きっといい人が現れるから。	1	1	2:36:59	2:37:05	2:36:49	2:37:15	21:16:37	Y	100	心配しないでくださいきっといい人が现れるから
238	新聞：「ありえない所」から車衝突	安心して、きっといい人が現れるから。	1	1	2:37:48	2:37:52	2:37:38	2:38:02	21:17:25	Y	88	安心してえきっとえいい人が现れる
239	新聞：「ありえない所」から車衝突	もう驚いたっていう感じですね	0									（逐字稿裡找不到）
240	新聞：「ありえない所」から車衝突	まさにその一言	3	1	2:26:16	2:26:18	2:26:06	2:26:28	21:05:53	Y	100	まさにその一言
240	新聞：「ありえない所」から車衝突	まさにその一言	3	2	2:33:11	2:33:12	2:33:01	2:33:22	21:12:48	Y	100	まさにその一言
240	新聞：「ありえない所」から車衝突	まさにその一言	3	3	2:38:57	2:38:59	2:38:47	2:39:09	21:18:34	Y	100	まさにその一言
241	新聞：「ありえない所」から車衝突	わけわかんない	2	1	2:26:33	2:26:35	2:26:23	2:26:45	21:06:11	Y	100	わけわかんない
241	新聞：「ありえない所」から車衝突	わけわかんない	2	2	2:41:04	2:41:05	2:40:54	2:41:15	21:20:41	Y	100	わけわかんない
242	新聞：「ありえない所」から車衝突	〜みたいです	2	1	2:26:37	2:26:38	2:26:27	2:26:48	21:06:14	Y	100	みたいです
242	新聞：「ありえない所」から車衝突	〜みたいです	2	2	2:41:06	2:41:07	2:40:56	2:41:17	21:20:44	Y	100	みたいです
243	新聞：「ありえない所」から車衝突	〜というか	7	1	2:26:32	2:26:33	2:26:22	2:26:43	21:06:09	Y	100	というか
243	新聞：「ありえない所」から車衝突	〜というか	7	2	2:41:02	2:41:03	2:40:52	2:41:13	21:20:40	Y	100	というか
243	新聞：「ありえない所」から車衝突	〜というか	7	3	2:41:26	2:41:27	2:41:16	2:41:37	21:21:04	Y	100	というか
243	新聞：「ありえない所」から車衝突	〜というか	7	4	2:41:28	2:41:29	2:41:18	2:41:39	21:21:06	Y	100	というか
243	新聞：「ありえない所」から車衝突	〜というか	7	5	2:41:33	2:41:34	2:41:23	2:41:44	21:21:11	Y	100	というか
243	新聞：「ありえない所」から車衝突	〜というか	7	6	2:41:37	2:41:39	2:41:27	2:41:49	21:21:15	Y	100	というか
243	新聞：「ありえない所」から車衝突	〜というか	7	7	2:41:43	2:41:44	2:41:33	2:41:54	21:21:20	Y	100	というか
244	新聞：「ありえない所」から車衝突	警視庁によると	2	1	2:26:21	2:26:23	2:26:11	2:26:33	21:05:59	Y	100	警视庁によると
244	新聞：「ありえない所」から車衝突	警視庁によると	2	2	2:40:20	2:40:22	2:40:10	2:40:32	21:19:58	Y	100	警视庁によると
245	新聞：「ありえない所」から車衝突	〜って聞いたら	6	1	2:26:39	2:26:41	2:26:29	2:26:51	21:06:17	Y	100	って闻いたら
245	新聞：「ありえない所」から車衝突	〜って聞いたら	6	2	2:42:33	2:42:34	2:42:23	2:42:44	21:22:10	Y	100	って闻いたら
245	新聞：「ありえない所」から車衝突	〜って聞いたら	6	3	2:44:55	2:44:56	2:44:45	2:45:06	21:24:32	Y	100	って闻いたら
245	新聞：「ありえない所」から車衝突	〜って聞いたら	6	4	2:44:58	2:44:59	2:44:48	2:45:09	21:24:35	Y	100	って闻いたら
245	新聞：「ありえない所」から車衝突	〜って聞いたら	6	5	2:46:23	2:46:24	2:46:13	2:46:34	21:26:00	Y	100	って闻いたら
245	新聞：「ありえない所」から車衝突	〜って聞いたら	6	6	2:47:23	2:47:25	2:47:13	2:47:35	21:27:01	Y	100	って闻いたら
246	新聞：「ありえない所」から車衝突	どうしたのって聞いたら、ブレーキを踏んだんだけど効かなかったとおじさんが言っていました。	2	1	2:44:57	2:45:06	2:44:47	2:45:16	21:24:34	Y	93	どうしたのって闻いたらいやブレーキ踏んだんだけど闻かなかったとおじさんが言っていまし
246	新聞：「ありえない所」から車衝突	どうしたのって聞いたら、ブレーキを踏んだんだけど効かなかったとおじさんが言っていました。	2	2	2:46:39	2:46:49	2:46:29	2:46:59	21:26:16	Y	86	哎どうしたので闻いたらえブレーキを踏んだんだけど开けなかったとおじいさんが言っていた
247	新聞：「ありえない所」から車衝突	ＡというＢ	9	1	2:26:07	2:26:08	2:25:57	2:26:18	21:05:45	Y	100	という
247	新聞：「ありえない所」から車衝突	ＡというＢ	9	2	2:26:32	2:26:32	2:26:22	2:26:42	21:06:09	Y	100	という
247	新聞：「ありえない所」から車衝突	ＡというＢ	9	3	2:33:03	2:33:04	2:32:53	2:33:14	21:12:40	Y	100	という
247	新聞：「ありえない所」から車衝突	ＡというＢ	9	4	2:41:02	2:41:03	2:40:52	2:41:13	21:20:40	Y	100	という
247	新聞：「ありえない所」から車衝突	ＡというＢ	9	5	2:41:26	2:41:27	2:41:16	2:41:37	21:21:04	Y	100	という
247	新聞：「ありえない所」から車衝突	ＡというＢ	9	6	2:41:28	2:41:29	2:41:18	2:41:39	21:21:06	Y	100	という
247	新聞：「ありえない所」から車衝突	ＡというＢ	9	7	2:41:33	2:41:34	2:41:23	2:41:44	21:21:11	Y	100	という
247	新聞：「ありえない所」から車衝突	ＡというＢ	9	8	2:41:37	2:41:38	2:41:27	2:41:48	21:21:15	Y	100	という
247	新聞：「ありえない所」から車衝突	ＡというＢ	9	9	2:41:43	2:41:44	2:41:33	2:41:54	21:21:20	Y	100	という
248	新聞：「ありえない所」から車衝突	〜っていうようなこと	3	1	2:26:46	2:26:48	2:26:36	2:26:58	21:06:23	Y	100	っていうようなこと
248	新聞：「ありえない所」から車衝突	〜っていうようなこと	3	2	2:42:39	2:42:42	2:42:29	2:42:52	21:22:17	Y	100	っていうようなこと
248	新聞：「ありえない所」から車衝突	〜っていうようなこと	3	3	2:43:14	2:43:16	2:43:04	2:43:26	21:22:51	Y	100	っていうようなこと
249	新聞：「ありえない所」から車衝突	Ａさんという人	0									（逐字稿裡找不到）
250	新聞：「ありえない所」から車衝突	ボールがピンを次々となぎ倒した。	2	1	2:49:12	2:49:16	2:49:02	2:49:26	21:28:50	Y	87	ボールがピンを次々と投げ倒した
250	新聞：「ありえない所」から車衝突	ボールがピンを次々となぎ倒した。	2	2	2:49:36	2:49:40	2:49:26	2:49:50	21:29:14	Y	87	ボールがピンを次々と投げ倒した
251	新聞：「ありえない所」から車衝突	強風で木々がなぎ倒された。	0									（逐字稿裡找不到）
252	新聞：「ありえない所」から車衝突	クマが畑の作物をなぎ倒していった。	0									（逐字稿裡找不到）
253	新聞：「ありえない所」から車衝突	ブレーキを踏んだけど効かなかった。	2	1	2:26:42	2:26:46	2:26:32	2:26:56	21:06:19	Y	88	レーキ踏んだんだけど効かなかった
253	新聞：「ありえない所」から車衝突	ブレーキを踏んだけど効かなかった。	2	2	2:42:35	2:42:39	2:42:25	2:42:49	21:22:13	Y	88	ブレーキ踏んだんだけど効かなかっ
254	新聞：「ありえない所」から車衝突	急に左側に車が現れた。	3	1	2:26:10	2:26:13	2:26:00	2:26:23	21:05:48	Y	100	急に左侧に车が现れた
254	新聞：「ありえない所」から車衝突	急に左側に車が現れた。	3	2	2:33:06	2:33:08	2:32:56	2:33:18	21:12:43	Y	100	急に左侧に车が现れた
254	新聞：「ありえない所」から車衝突	急に左側に車が現れた。	3	3	2:38:51	2:38:54	2:38:41	2:39:04	21:18:28	Y	100	急に左侧に车が现れた
255	新聞：「ありえない所」から車衝突	きっといい人が現れるから。	3	1	2:37:02	2:37:05	2:36:52	2:37:15	21:16:40	Y	100	きっといい人が现れるから
255	新聞：「ありえない所」から車衝突	きっといい人が現れるから。	3	2	2:37:36	2:37:39	2:37:26	2:37:49	21:17:13	Y	92	きっと好いい人が现れるか
255	新聞：「ありえない所」から車衝突	きっといい人が現れるから。	3	3	2:37:49	2:37:52	2:37:39	2:38:02	21:17:26	Y	92	きっとえいい人が现れるか
256	新聞：「ありえない所」から車衝突	どうしたのって聞いたら、わけわかんないみたいでした。	0									（逐字稿裡找不到）
