no	clock	audio_from	audio_to	segments	file
1	18:54:38	0:15:00	0:15:38	7	20261006_185438_955849_auto_3fa73d28.png
2	18:55:16	0:15:38	0:16:12	7,8	20261006_185516_253706_auto_05a54a41.png
3	18:55:50	0:16:12	0:16:37	8	20261006_185550_546310_auto_1018126e.png
4	18:56:15	0:16:37	0:16:54	8,9	20261006_185615_046165_auto_6880c0e0.png
5	18:56:32	0:16:54	0:17:51	9,10	20261006_185632_179455_auto_cb139369.png
6	18:57:29	0:17:51	0:18:13	10	20261006_185729_280835_auto_c2df36b5.png
7	18:57:51	0:18:13	0:18:35	10	20261006_185751_068584_auto_772f2511.png
8	18:58:13	0:18:35	0:18:47	10,11	20261006_185813_249831_auto_ffd609b1.png
9	18:58:25	0:18:47	0:19:27	11	20261006_185825_889544_auto_d11e3e69.png
10	18:59:05	0:19:27	0:19:51	11	20261006_185905_064686_auto_8366bb89.png
11	18:59:29	0:19:51	0:20:26	11	20261006_185929_377759_auto_25e7df65.png
12	19:00:04	0:20:26	0:20:50	11,12	20261006_190004_107755_auto_bb49858f.png
13	19:00:28	0:20:50	0:21:53	12	20261006_190028_940710_auto_0ee83689.png
14	19:01:31	0:21:53	0:22:06	12	20261006_190131_466171_auto_e6ec507a.png
15	19:01:44	0:22:06	0:23:05	12,13	20261006_190144_936980_auto_fbebbce1.png
16	19:02:43	0:23:05	0:27:07	13,14,15,16,17	20261006_190243_399746_auto_77414599.png
17	19:06:45	0:27:07	0:27:28	17	20261006_190645_331683_auto_cdb38c22.png
18	19:07:07	0:27:28	0:28:07	17,18	20261006_190707_002329_auto_f5922232.png
19	19:07:45	0:28:07	0:30:53	18,19,20,21	20261006_190745_051810_auto_3d4b77b9.png
20	19:10:31	0:30:53	0:32:10	21,22,23	20261006_191031_245378_auto_47d5f33d.png
21	19:11:48	0:32:10	0:32:43	23	20261006_191148_737619_auto_36a3669d.png
22	19:12:21	0:32:43	0:33:26	23,24	20261006_191221_369848_auto_446a0fe8.png
23	19:13:04	0:33:26	0:33:44	24,25,26	20261006_191304_682773_auto_a2c03fd0.png
24	19:13:22	0:33:44	0:34:04	26	20261006_191322_497275_auto_e39c2591.png
25	19:13:42	0:34:04	0:34:20	26	20261006_191342_815308_auto_6acb6fb1.png
26	19:13:58	0:34:20	0:34:40	26,27,28	20261006_191358_320018_auto_f89dd4ce.png
27	19:14:18	0:34:40	0:34:51	28	20261006_191418_063073_auto_a0c7d70b.png
28	19:14:29	0:34:51	0:36:07	28	20261006_191429_670238_auto_3c2215f4.png
29	19:15:45	0:36:07	0:36:55	28,29	20261006_191545_306134_auto_bab9f51b.png
30	19:16:33	0:36:55	0:42:18	29,30,31,32,33,34	20261006_191633_689082_auto_c8c418da.png
31	19:21:57	0:42:18	0:44:41	34,35,36	20261006_192157_028745_auto_98b87df4.png
32	19:24:19	0:44:41	0:46:14	36,37,38	20261006_192419_674647_auto_540490f2.png
33	19:25:52	0:46:14	0:46:32	38	20261006_192552_101225_auto_ec3c3d76.png
34	19:26:10	0:46:32	0:47:30	38,39	20261006_192610_532843_auto_cb826bba.png
35	19:27:08	0:47:30	0:48:43	39,40	20261006_192708_933194_auto_16a8e455.png
36	19:28:21	0:48:43	0:56:21	40,41,42,43,44,45	20261006_192821_597776_auto_51350231.png
37	19:35:59	0:56:21	0:56:36	45,46	20261006_193559_152543_auto_976f3404.png
38	19:36:14	0:56:36	0:57:00	46	20261006_193614_973197_auto_422899f4.png
39	19:36:38	0:57:00	0:57:53	46,47	20261006_193638_952580_auto_274102e7.png
40	19:37:31	0:57:53	0:58:42	47,48	20261006_193731_066757_auto_87e7de3d.png
41	19:38:20	0:58:42	1:02:07	48,49,50	20261006_193820_576043_auto_ce5ce52b.png
42	19:41:45	1:02:07	1:03:16	50,51	20261006_194145_971576_auto_57093cc4.png
43	19:42:54	1:03:16	1:05:45	51,52	20261006_194254_650590_auto_610b3270.png
44	19:45:24	1:05:45	1:06:20	52,53	20261006_194524_017341_auto_a9dc65ca.png
45	19:45:58	1:06:20	1:07:35	53	20261006_194558_947205_auto_6ee69540.png
46	19:47:13	1:07:35	1:15:45	53,54,55,56,57	20261006_194713_995152_auto_2398e7b0.png
47	19:55:23	1:15:45	1:16:24	57	20261006_195523_826692_auto_531ab42e.png
48	19:56:02	1:16:24	1:31:28	57,58,59,60,61,62,63,64,65,66,67	20261006_195602_271399_auto_2307ecb0.png
49	20:11:06	1:31:28	1:31:49	67	20261006_201106_988124_auto_f64fdac1.png
50	20:11:27	1:31:49	1:35:04	67,68	20261006_201127_391593_auto_99cc7fc0.png
51	20:14:42	1:35:04	1:39:24	68,69,70,71	20261006_201442_477309_auto_462b0160.png
52	20:19:02	1:39:24	1:39:59	71,72,73	20261006_201902_094437_auto_1ce43bcf.png
53	20:19:37	1:39:59	1:40:11	73	20261006_201937_322210_auto_4a357e12.png
54	20:19:49	1:40:11	1:41:28	73	20261006_201949_112841_auto_a1f082c2.png
55	20:21:06	1:41:28	1:41:43	73	20261006_202106_314647_auto_5443274f.png
56	20:21:21	1:41:43	1:42:07	73	20261006_202121_778462_auto_9ca92057.png
57	20:21:45	1:42:07	1:43:06	73	20261006_202145_897278_auto_868bcd06.png
58	20:22:44	1:43:06	1:43:22	73	20261006_202244_899607_auto_4db0dca0.png
59	20:23:00	1:43:22	1:44:31	73,74	20261006_202300_999642_auto_2998b0e4.png
60	20:24:09	1:44:31	1:45:07	74	20261006_202409_534798_auto_e75723e8.png
61	20:24:45	1:45:07	1:45:49	74,75	20261006_202445_849316_auto_4b02efa0.png
62	20:25:27	1:45:49	1:46:17	75	20261006_202527_668455_auto_0e52c31f.png
63	20:25:55	1:46:17	1:48:05	75,76	20261006_202555_318584_auto_37c11e88.png
64	20:27:43	1:48:05	1:48:53	76,77	20261006_202743_618341_auto_3f4656db.png
65	20:28:31	1:48:53	1:49:30	77,78	20261006_202831_544314_auto_100005e3.png
66	20:29:08	1:49:30	1:52:22	78,79,80,81	20261006_202908_708464_auto_a77865d1.png
67	20:32:00	1:52:22	1:54:41	81,82,83	20261006_203200_393995_auto_c972f67d.png
68	20:34:19	1:54:41	1:58:24	83,84	20261006_203419_152870_auto_9111aac8.png
69	20:38:02	1:58:24	1:58:52	84,85	20261006_203802_578036_auto_3d2517f4.png
70	20:38:30	1:58:52	1:59:47	85,86	20261006_203830_793041_auto_26fa5ab7.png
71	20:39:25	1:59:47	2:02:17	86,87	20261006_203925_629358_auto_3d8f7b87.png
72	20:41:55	2:02:17	2:02:50	87	20261006_204155_317592_auto_3b5ab65c.png
73	20:42:28	2:02:50	2:05:00	87,88	20261006_204228_728569_auto_be1829be.png
74	20:44:38	2:05:00	2:05:56	88,89	20261006_204438_566772_auto_b74aa399.png
75	20:45:34	2:05:56	2:06:17	89	20261006_204534_873184_auto_f97f8b38.png
76	20:45:55	2:06:17	2:07:38	89	20261006_204555_763729_auto_6d5cc990.png
77	20:47:16	2:07:38	2:20:34	89,90,91,92,93,94	20261006_204716_376127_auto_854de162.png
78	21:00:12	2:20:34	2:27:10	94,95,96,97,98	20261006_210012_811809_auto_f7771bfd.png
79	21:06:48	2:27:10	2:27:20	98	20261006_210648_434706_auto_f79fc9f0.png
80	21:06:58	2:27:20	2:27:45	98	20261006_210658_606458_auto_820e09be.png
81	21:07:23	2:27:45	2:33:05	98,99,100,101,102,103,104,105,106	20261006_210723_818182_auto_8ff4b308.png
82	21:12:44	2:33:05	2:35:13	106,107,108	20261006_211244_013621_auto_61f58b8a.png
83	21:14:51	2:35:13	2:35:32	108	20261006_211451_525159_auto_7e7c5974.png
84	21:15:10	2:35:32	2:35:45	108,109,110	20261006_211510_359989_auto_412f9f82.png
85	21:15:23	2:35:45	2:36:05	110	20261006_211523_474196_auto_750ca490.png
86	21:15:43	2:36:05	2:36:38	110,111	20261006_211543_778810_auto_2d913237.png
87	21:16:17	2:36:38	2:37:12	111	20261006_211617_010017_auto_9d444abd.png
88	21:16:50	2:37:12	2:37:23	111	20261006_211650_407092_auto_5749c70a.png
89	21:17:01	2:37:23	2:39:06	111,112,113,114	20261006_211701_464004_auto_eff8473e.png
90	21:18:44	2:39:06	2:40:20	114	20261006_211844_288947_auto_871ee3ff.png
91	21:19:58	2:40:20	2:41:23	114,115,116	20261006_211958_575884_auto_29bdc43e.png
92	21:21:01	2:41:23	2:45:15	116,117,118	20261006_212101_886270_auto_85293c32.png
93	21:24:53	2:45:15	2:47:39	118,119	20261006_212453_410674_auto_b4bc3796.png
94	21:27:17	2:47:39	2:49:05	119,120,121	20261006_212717_881394_auto_16bd3dd6.png
95	21:28:43	2:49:05	2:55:28	121,122,123,124,125,126,127	20261006_212843_125272_auto_1f950f37.png
